host,expr,batch,batch_root,batch_done,timer,interval_ns,interval_us,fsize_kib,rkern,fkern,run_dirs,n_measured,n_theory,w1_ns,r_l_pct,r_h_pct,w1_rel,theory_mean_ns,measured_mean_ns
c920bn3,assess.expr1.fsize.np128,20260520_184947,/astrum/home/hpchzy/code/data/20260520/c920bn3/outputAssessing/assess.expr1.fsize.np128/20260520_184947,True,clock_gettime,10000,10.0,16,none,copy,/astrum/home/hpchzy/code/data/20260520/c920bn3/outputAssessing/assess.expr1.fsize.np128/20260520_184947/clock_gettime/interval10000_fkerncopy_rkernnone_fsize16_rsize0/clock_gettime_walks/w0000_ta10230;/astrum/home/hpchzy/code/data/20260520/c920bn3/outputAssessing/assess.expr1.fsize.np128/20260520_184947/clock_gettime/interval10000_fkerncopy_rkernnone_fsize16_rsize0/clock_gettime_walks/w0001_ta10053;/astrum/home/hpchzy/code/data/20260520/c920bn3/outputAssessing/assess.expr1.fsize.np128/20260520_184947/clock_gettime/interval10000_fkerncopy_rkernnone_fsize16_rsize0/clock_gettime_walks/w0002_ta10170,300,300,53.446666666666665,12.957449748267615,22.08858873741416,0.00526516270974945,10151.0,10204.446666666667
c920bn3,assess.expr1.fsize.np128,20260520_184947,/astrum/home/hpchzy/code/data/20260520/c920bn3/outputAssessing/assess.expr1.fsize.np128/20260520_184947,True,clock_gettime,10000,10.0,32,none,copy,/astrum/home/hpchzy/code/data/20260520/c920bn3/outputAssessing/assess.expr1.fsize.np128/20260520_184947/clock_gettime/interval10000_fkerncopy_rkernnone_fsize32_rsize0/clock_gettime_walks/w0002_ta10170;/astrum/home/hpchzy/code/data/20260520/c920bn3/outputAssessing/assess.expr1.fsize.np128/20260520_184947/clock_gettime/interval10000_fkerncopy_rkernnone_fsize32_rsize0/clock_gettime_walks/w0000_ta10230;/astrum/home/hpchzy/code/data/20260520/c920bn3/outputAssessing/assess.expr1.fsize.np128/20260520_184947/clock_gettime/interval10000_fkerncopy_rkernnone_fsize32_rsize0/clock_gettime_walks/w0001_ta10053,300,300,72.73666666666666,11.561048584231933,37.38277081720406,0.007165468098381112,10151.0,10223.736666666666
c920bn3,assess.expr1.fsize.np128,20260520_184947,/astrum/home/hpchzy/code/data/20260520/c920bn3/outputAssessing/assess.expr1.fsize.np128/20260520_184947,True,clock_gettime,10000,10.0,64,none,copy,/astrum/home/hpchzy/code/data/20260520/c920bn3/outputAssessing/assess.expr1.fsize.np128/20260520_184947/clock_gettime/interval10000_fkerncopy_rkernnone_fsize64_rsize0/clock_gettime_walks/w0002_ta10170;/astrum/home/hpchzy/code/data/20260520/c920bn3/outputAssessing/assess.expr1.fsize.np128/20260520_184947/clock_gettime/interval10000_fkerncopy_rkernnone_fsize64_rsize0/clock_gettime_walks/w0001_ta10053;/astrum/home/hpchzy/code/data/20260520/c920bn3/outputAssessing/assess.expr1.fsize.np128/20260520_184947/clock_gettime/interval10000_fkerncopy_rkernnone_fsize64_rsize0/clock_gettime_walks/w0000_ta10230,300,300,97.73333333333333,11.717388318021822,42.812994380047265,0.009627951269168883,10151.0,10248.733333333334
c920bn3,assess.expr1.fsize.np128,20260520_184947,/astrum/home/hpchzy/code/data/20260520/c920bn3/outputAssessing/assess.expr1.fsize.np128/20260520_184947,True,clock_gettime,10000,10.0,128,none,copy,/astrum/home/hpchzy/code/data/20260520/c920bn3/outputAssessing/assess.expr1.fsize.np128/20260520_184947/clock_gettime/interval10000_fkerncopy_rkernnone_fsize128_rsize0/clock_gettime_walks/w0002_ta10170;/astrum/home/hpchzy/code/data/20260520/c920bn3/outputAssessing/assess.expr1.fsize.np128/20260520_184947/clock_gettime/interval10000_fkerncopy_rkernnone_fsize128_rsize0/clock_gettime_walks/w0000_ta10230;/astrum/home/hpchzy/code/data/20260520/c920bn3/outputAssessing/assess.expr1.fsize.np128/20260520_184947/clock_gettime/interval10000_fkerncopy_rkernnone_fsize128_rsize0/clock_gettime_walks/w0001_ta10053,300,300,177.66666666666666,12.653714412415853,28.44521595636664,0.017502380717827472,10151.0,10328.666666666666
c920bn3,assess.expr1.fsize.np128,20260520_184947,/astrum/home/hpchzy/code/data/20260520/c920bn3/outputAssessing/assess.expr1.fsize.np128/20260520_184947,True,clock_gettime,10000,10.0,256,none,copy,/astrum/home/hpchzy/code/data/20260520/c920bn3/outputAssessing/assess.expr1.fsize.np128/20260520_184947/clock_gettime/interval10000_fkerncopy_rkernnone_fsize256_rsize0/clock_gettime_walks/w0001_ta10053;/astrum/home/hpchzy/code/data/20260520/c920bn3/outputAssessing/assess.expr1.fsize.np128/20260520_184947/clock_gettime/interval10000_fkerncopy_rkernnone_fsize256_rsize0/clock_gettime_walks/w0000_ta10230;/astrum/home/hpchzy/code/data/20260520/c920bn3/outputAssessing/assess.expr1.fsize.np128/20260520_184947/clock_gettime/interval10000_fkerncopy_rkernnone_fsize256_rsize0/clock_gettime_walks/w0002_ta10170,300,300,49.54,12.473865956190812,24.93661666424077,0.0048803073588808985,10151.0,10200.54
c920bn3,assess.expr1.fsize.np128,20260520_184947,/astrum/home/hpchzy/code/data/20260520/c920bn3/outputAssessing/assess.expr1.fsize.np128/20260520_184947,True,clock_gettime,10000,10.0,512,none,copy,/astrum/home/hpchzy/code/data/20260520/c920bn3/outputAssessing/assess.expr1.fsize.np128/20260520_184947/clock_gettime/interval10000_fkerncopy_rkernnone_fsize512_rsize0/clock_gettime_walks/w0001_ta10053;/astrum/home/hpchzy/code/data/20260520/c920bn3/outputAssessing/assess.expr1.fsize.np128/20260520_184947/clock_gettime/interval10000_fkerncopy_rkernnone_fsize512_rsize0/clock_gettime_walks/w0000_ta10230;/astrum/home/hpchzy/code/data/20260520/c920bn3/outputAssessing/assess.expr1.fsize.np128/20260520_184947/clock_gettime/interval10000_fkerncopy_rkernnone_fsize512_rsize0/clock_gettime_walks/w0002_ta10170,300,300,122.06666666666666,12.774519386265325,61.18149073843379,0.012025087840278462,10151.0,10273.066666666668
c920bn3,assess.expr1.fsize.np128,20260520_184947,/astrum/home/hpchzy/code/data/20260520/c920bn3/outputAssessing/assess.expr1.fsize.np128/20260520_184947,True,clock_gettime,10000,10.0,1024,none,copy,/astrum/home/hpchzy/code/data/20260520/c920bn3/outputAssessing/assess.expr1.fsize.np128/20260520_184947/clock_gettime/interval10000_fkerncopy_rkernnone_fsize1024_rsize0/clock_gettime_walks/w0002_ta10170;/astrum/home/hpchzy/code/data/20260520/c920bn3/outputAssessing/assess.expr1.fsize.np128/20260520_184947/clock_gettime/interval10000_fkerncopy_rkernnone_fsize1024_rsize0/clock_gettime_walks/w0001_ta10053;/astrum/home/hpchzy/code/data/20260520/c920bn3/outputAssessing/assess.expr1.fsize.np128/20260520_184947/clock_gettime/interval10000_fkerncopy_rkernnone_fsize1024_rsize0/clock_gettime_walks/w0000_ta10230,300,300,38.33,14.644755151558787,21.727930725849248,0.0037759826618067186,10151.0,10189.33
c920bn3,assess.expr1.fsize.np128,20260520_184947,/astrum/home/hpchzy/code/data/20260520/c920bn3/outputAssessing/assess.expr1.fsize.np128/20260520_184947,True,clock_gettime,10000,10.0,2048,none,copy,/astrum/home/hpchzy/code/data/20260520/c920bn3/outputAssessing/assess.expr1.fsize.np128/20260520_184947/clock_gettime/interval10000_fkerncopy_rkernnone_fsize2048_rsize0/clock_gettime_walks/w0000_ta10230;/astrum/home/hpchzy/code/data/20260520/c920bn3/outputAssessing/assess.expr1.fsize.np128/20260520_184947/clock_gettime/interval10000_fkerncopy_rkernnone_fsize2048_rsize0/clock_gettime_walks/w0001_ta10053;/astrum/home/hpchzy/code/data/20260520/c920bn3/outputAssessing/assess.expr1.fsize.np128/20260520_184947/clock_gettime/interval10000_fkerncopy_rkernnone_fsize2048_rsize0/clock_gettime_walks/w0002_ta10170,300,300,117.81333333333333,38.62531574112224,137.71724742881426,0.011606081502643417,10151.0,10268.813333333334
c920bn3,assess.expr1.fsize.np128,20260520_184947,/astrum/home/hpchzy/code/data/20260520/c920bn3/outputAssessing/assess.expr1.fsize.np128/20260520_184947,True,clock_gettime,10000,10.0,4096,none,copy,/astrum/home/hpchzy/code/data/20260520/c920bn3/outputAssessing/assess.expr1.fsize.np128/20260520_184947/clock_gettime/interval10000_fkerncopy_rkernnone_fsize4096_rsize0/clock_gettime_walks/w0002_ta10170;/astrum/home/hpchzy/code/data/20260520/c920bn3/outputAssessing/assess.expr1.fsize.np128/20260520_184947/clock_gettime/interval10000_fkerncopy_rkernnone_fsize4096_rsize0/clock_gettime_walks/w0000_ta10230;/astrum/home/hpchzy/code/data/20260520/c920bn3/outputAssessing/assess.expr1.fsize.np128/20260520_184947/clock_gettime/interval10000_fkerncopy_rkernnone_fsize4096_rsize0/clock_gettime_walks/w0001_ta10053,300,300,310.74333333333334,98.10930252384648,715.7582500728505,0.03061209076281483,10151.0,10461.743333333334
c920bn3,assess.expr1.fsize.np128,20260520_184947,/astrum/home/hpchzy/code/data/20260520/c920bn3/outputAssessing/assess.expr1.fsize.np128/20260520_184947,True,clock_gettime,10000,10.0,8192,none,copy,/astrum/home/hpchzy/code/data/20260520/c920bn3/outputAssessing/assess.expr1.fsize.np128/20260520_184947/clock_gettime/interval10000_fkerncopy_rkernnone_fsize8192_rsize0/clock_gettime_walks/w0002_ta10170;/astrum/home/hpchzy/code/data/20260520/c920bn3/outputAssessing/assess.expr1.fsize.np128/20260520_184947/clock_gettime/interval10000_fkerncopy_rkernnone_fsize8192_rsize0/clock_gettime_walks/w0001_ta10053;/astrum/home/hpchzy/code/data/20260520/c920bn3/outputAssessing/assess.expr1.fsize.np128/20260520_184947/clock_gettime/interval10000_fkerncopy_rkernnone_fsize8192_rsize0/clock_gettime_walks/w0000_ta10230,300,300,744.9666666666667,158.4141031298392,1263.9001773108212,0.07338850031195614,10151.0,10895.966666666667
c920bn3,assess.expr1.fsize.np128,20260520_184947,/astrum/home/hpchzy/code/data/20260520/c920bn3/outputAssessing/assess.expr1.fsize.np128/20260520_184947,True,cntvct,10000,10.0,16,none,copy,/astrum/home/hpchzy/code/data/20260520/c920bn3/outputAssessing/assess.expr1.fsize.np128/20260520_184947/cntvct/interval10000_fkerncopy_rkernnone_fsize16_rsize0/cntvct_walks/w0000_ta10230;/astrum/home/hpchzy/code/data/20260520/c920bn3/outputAssessing/assess.expr1.fsize.np128/20260520_184947/cntvct/interval10000_fkerncopy_rkernnone_fsize16_rsize0/cntvct_walks/w0001_ta10053;/astrum/home/hpchzy/code/data/20260520/c920bn3/outputAssessing/assess.expr1.fsize.np128/20260520_184947/cntvct/interval10000_fkerncopy_rkernnone_fsize16_rsize0/cntvct_walks/w0002_ta10170,300,300,29.8,13.586659507871865,9.204952796983715,0.002935671362427347,10151.0,10180.8
c920bn3,assess.expr1.fsize.np128,20260520_184947,/astrum/home/hpchzy/code/data/20260520/c920bn3/outputAssessing/assess.expr1.fsize.np128/20260520_184947,True,cntvct,10000,10.0,32,none,copy,/astrum/home/hpchzy/code/data/20260520/c920bn3/outputAssessing/assess.expr1.fsize.np128/20260520_184947/cntvct/interval10000_fkerncopy_rkernnone_fsize32_rsize0/cntvct_walks/w0002_ta10170;/astrum/home/hpchzy/code/data/20260520/c920bn3/outputAssessing/assess.expr1.fsize.np128/20260520_184947/cntvct/interval10000_fkerncopy_rkernnone_fsize32_rsize0/cntvct_walks/w0000_ta10230;/astrum/home/hpchzy/code/data/20260520/c920bn3/outputAssessing/assess.expr1.fsize.np128/20260520_184947/cntvct/interval10000_fkerncopy_rkernnone_fsize32_rsize0/cntvct_walks/w0001_ta10053,300,300,47.06666666666667,12.049968696785179,8.766036330710728,0.004636653203296884,10151.0,10198.066666666668
c920bn3,assess.expr1.fsize.np128,20260520_184947,/astrum/home/hpchzy/code/data/20260520/c920bn3/outputAssessing/assess.expr1.fsize.np128/20260520_184947,True,cntvct,10000,10.0,64,none,copy,/astrum/home/hpchzy/code/data/20260520/c920bn3/outputAssessing/assess.expr1.fsize.np128/20260520_184947/cntvct/interval10000_fkerncopy_rkernnone_fsize64_rsize0/cntvct_walks/w0000_ta10230;/astrum/home/hpchzy/code/data/20260520/c920bn3/outputAssessing/assess.expr1.fsize.np128/20260520_184947/cntvct/interval10000_fkerncopy_rkernnone_fsize64_rsize0/cntvct_walks/w0001_ta10053;/astrum/home/hpchzy/code/data/20260520/c920bn3/outputAssessing/assess.expr1.fsize.np128/20260520_184947/cntvct/interval10000_fkerncopy_rkernnone_fsize64_rsize0/cntvct_walks/w0002_ta10170,300,300,51.4,12.963449058583713,9.262697130672139,0.005063540537878042,10151.0,10202.4
c920bn3,assess.expr1.fsize.np128,20260520_184947,/astrum/home/hpchzy/code/data/20260520/c920bn3/outputAssessing/assess.expr1.fsize.np128/20260520_184947,True,cntvct,10000,10.0,128,none,copy,/astrum/home/hpchzy/code/data/20260520/c920bn3/outputAssessing/assess.expr1.fsize.np128/20260520_184947/cntvct/interval10000_fkerncopy_rkernnone_fsize128_rsize0/cntvct_walks/w0000_ta10230;/astrum/home/hpchzy/code/data/20260520/c920bn3/outputAssessing/assess.expr1.fsize.np128/20260520_184947/cntvct/interval10000_fkerncopy_rkernnone_fsize128_rsize0/cntvct_walks/w0001_ta10053;/astrum/home/hpchzy/code/data/20260520/c920bn3/outputAssessing/assess.expr1.fsize.np128/20260520_184947/cntvct/interval10000_fkerncopy_rkernnone_fsize128_rsize0/cntvct_walks/w0002_ta10170,300,300,158.33333333333334,14.582876515263596,64.20398989533618,0.015597806455849999,10151.0,10309.333333333334
c920bn3,assess.expr1.fsize.np128,20260520_184947,/astrum/home/hpchzy/code/data/20260520/c920bn3/outputAssessing/assess.expr1.fsize.np128/20260520_184947,True,cntvct,10000,10.0,256,none,copy,/astrum/home/hpchzy/code/data/20260520/c920bn3/outputAssessing/assess.expr1.fsize.np128/20260520_184947/cntvct/interval10000_fkerncopy_rkernnone_fsize256_rsize0/cntvct_walks/w0002_ta10170;/astrum/home/hpchzy/code/data/20260520/c920bn3/outputAssessing/assess.expr1.fsize.np128/20260520_184947/cntvct/interval10000_fkerncopy_rkernnone_fsize256_rsize0/cntvct_walks/w0001_ta10053;/astrum/home/hpchzy/code/data/20260520/c920bn3/outputAssessing/assess.expr1.fsize.np128/20260520_184947/cntvct/interval10000_fkerncopy_rkernnone_fsize256_rsize0/cntvct_walks/w0000_ta10230,300,300,29.933333333333334,13.753528567141752,8.651083435502105,0.0029488063573375367,10151.0,10180.933333333332
c920bn3,assess.expr1.fsize.np128,20260520_184947,/astrum/home/hpchzy/code/data/20260520/c920bn3/outputAssessing/assess.expr1.fsize.np128/20260520_184947,True,cntvct,10000,10.0,512,none,copy,/astrum/home/hpchzy/code/data/20260520/c920bn3/outputAssessing/assess.expr1.fsize.np128/20260520_184947/cntvct/interval10000_fkerncopy_rkernnone_fsize512_rsize0/cntvct_walks/w0001_ta10053;/astrum/home/hpchzy/code/data/20260520/c920bn3/outputAssessing/assess.expr1.fsize.np128/20260520_184947/cntvct/interval10000_fkerncopy_rkernnone_fsize512_rsize0/cntvct_walks/w0000_ta10230;/astrum/home/hpchzy/code/data/20260520/c920bn3/outputAssessing/assess.expr1.fsize.np128/20260520_184947/cntvct/interval10000_fkerncopy_rkernnone_fsize512_rsize0/cntvct_walks/w0002_ta10170,300,300,115.93333333333334,14.168021839084707,91.63254839734165,0.011420878074409746,10151.0,10266.933333333332
c920bn3,assess.expr1.fsize.np128,20260520_184947,/astrum/home/hpchzy/code/data/20260520/c920bn3/outputAssessing/assess.expr1.fsize.np128/20260520_184947,True,cntvct,10000,10.0,1024,none,copy,/astrum/home/hpchzy/code/data/20260520/c920bn3/outputAssessing/assess.expr1.fsize.np128/20260520_184947/cntvct/interval10000_fkerncopy_rkernnone_fsize1024_rsize0/cntvct_walks/w0001_ta10053;/astrum/home/hpchzy/code/data/20260520/c920bn3/outputAssessing/assess.expr1.fsize.np128/20260520_184947/cntvct/interval10000_fkerncopy_rkernnone_fsize1024_rsize0/cntvct_walks/w0000_ta10230;/astrum/home/hpchzy/code/data/20260520/c920bn3/outputAssessing/assess.expr1.fsize.np128/20260520_184947/cntvct/interval10000_fkerncopy_rkernnone_fsize1024_rsize0/cntvct_walks/w0002_ta10170,300,300,144.0,16.040407336471095,19.46552559100876,0.01418579450300463,10151.0,10295.0
c920bn3,assess.expr1.fsize.np128,20260520_184947,/astrum/home/hpchzy/code/data/20260520/c920bn3/outputAssessing/assess.expr1.fsize.np128/20260520_184947,True,cntvct,10000,10.0,2048,none,copy,/astrum/home/hpchzy/code/data/20260520/c920bn3/outputAssessing/assess.expr1.fsize.np128/20260520_184947/cntvct/interval10000_fkerncopy_rkernnone_fsize2048_rsize0/cntvct_walks/w0001_ta10053;/astrum/home/hpchzy/code/data/20260520/c920bn3/outputAssessing/assess.expr1.fsize.np128/20260520_184947/cntvct/interval10000_fkerncopy_rkernnone_fsize2048_rsize0/cntvct_walks/w0000_ta10230;/astrum/home/hpchzy/code/data/20260520/c920bn3/outputAssessing/assess.expr1.fsize.np128/20260520_184947/cntvct/interval10000_fkerncopy_rkernnone_fsize2048_rsize0/cntvct_walks/w0002_ta10170,300,300,126.4,38.8293246936286,194.77113152403084,0.01245197517485962,10151.0,10277.4
c920bn3,assess.expr1.fsize.np128,20260520_184947,/astrum/home/hpchzy/code/data/20260520/c920bn3/outputAssessing/assess.expr1.fsize.np128/20260520_184947,True,cntvct,10000,10.0,4096,none,copy,/astrum/home/hpchzy/code/data/20260520/c920bn3/outputAssessing/assess.expr1.fsize.np128/20260520_184947/cntvct/interval10000_fkerncopy_rkernnone_fsize4096_rsize0/cntvct_walks/w0001_ta10053;/astrum/home/hpchzy/code/data/20260520/c920bn3/outputAssessing/assess.expr1.fsize.np128/20260520_184947/cntvct/interval10000_fkerncopy_rkernnone_fsize4096_rsize0/cntvct_walks/w0000_ta10230;/astrum/home/hpchzy/code/data/20260520/c920bn3/outputAssessing/assess.expr1.fsize.np128/20260520_184947/cntvct/interval10000_fkerncopy_rkernnone_fsize4096_rsize0/cntvct_walks/w0002_ta10170,300,300,382.8,152.2040891593223,818.0470390104649,0.037710570387153974,10151.0,10533.8
c920bn3,assess.expr1.fsize.np128,20260520_184947,/astrum/home/hpchzy/code/data/20260520/c920bn3/outputAssessing/assess.expr1.fsize.np128/20260520_184947,True,cntvct,10000,10.0,8192,none,copy,/astrum/home/hpchzy/code/data/20260520/c920bn3/outputAssessing/assess.expr1.fsize.np128/20260520_184947/cntvct/interval10000_fkerncopy_rkernnone_fsize8192_rsize0/cntvct_walks/w0001_ta10053;/astrum/home/hpchzy/code/data/20260520/c920bn3/outputAssessing/assess.expr1.fsize.np128/20260520_184947/cntvct/interval10000_fkerncopy_rkernnone_fsize8192_rsize0/cntvct_walks/w0000_ta10230;/astrum/home/hpchzy/code/data/20260520/c920bn3/outputAssessing/assess.expr1.fsize.np128/20260520_184947/cntvct/interval10000_fkerncopy_rkernnone_fsize8192_rsize0/cntvct_walks/w0002_ta10170,300,300,764.7,360.7205251447804,1196.3285616868734,0.07533247955866418,10151.0,10915.7
c920bn3,assess.expr1.fsize.np128,20260520_184947,/astrum/home/hpchzy/code/data/20260520/c920bn3/outputAssessing/assess.expr1.fsize.np128/20260520_184947,True,cntvcto,10000,10.0,16,none,copy,/astrum/home/hpchzy/code/data/20260520/c920bn3/outputAssessing/assess.expr1.fsize.np128/20260520_184947/cntvcto/interval10000_fkerncopy_rkernnone_fsize16_rsize0/cntvcto_walks/w0000_ta10230;/astrum/home/hpchzy/code/data/20260520/c920bn3/outputAssessing/assess.expr1.fsize.np128/20260520_184947/cntvcto/interval10000_fkerncopy_rkernnone_fsize16_rsize0/cntvcto_walks/w0001_ta10053;/astrum/home/hpchzy/code/data/20260520/c920bn3/outputAssessing/assess.expr1.fsize.np128/20260520_184947/cntvcto/interval10000_fkerncopy_rkernnone_fsize16_rsize0/cntvcto_walks/w0002_ta10170,300,300,62.86666666666667,14.376290376688763,11.934652463941772,0.006193150100154336,10151.0,10213.866666666667
c920bn3,assess.expr1.fsize.np128,20260520_184947,/astrum/home/hpchzy/code/data/20260520/c920bn3/outputAssessing/assess.expr1.fsize.np128/20260520_184947,True,cntvcto,10000,10.0,32,none,copy,/astrum/home/hpchzy/code/data/20260520/c920bn3/outputAssessing/assess.expr1.fsize.np128/20260520_184947/cntvcto/interval10000_fkerncopy_rkernnone_fsize32_rsize0/cntvcto_walks/w0001_ta10053;/astrum/home/hpchzy/code/data/20260520/c920bn3/outputAssessing/assess.expr1.fsize.np128/20260520_184947/cntvcto/interval10000_fkerncopy_rkernnone_fsize32_rsize0/cntvcto_walks/w0000_ta10230;/astrum/home/hpchzy/code/data/20260520/c920bn3/outputAssessing/assess.expr1.fsize.np128/20260520_184947/cntvcto/interval10000_fkerncopy_rkernnone_fsize32_rsize0/cntvcto_walks/w0002_ta10170,300,300,59.4,23.641722932632874,17.467512115148175,0.00585164023248941,10151.0,10210.4
c920bn3,assess.expr1.fsize.np128,20260520_184947,/astrum/home/hpchzy/code/data/20260520/c920bn3/outputAssessing/assess.expr1.fsize.np128/20260520_184947,True,cntvcto,10000,10.0,64,none,copy,/astrum/home/hpchzy/code/data/20260520/c920bn3/outputAssessing/assess.expr1.fsize.np128/20260520_184947/cntvcto/interval10000_fkerncopy_rkernnone_fsize64_rsize0/cntvcto_walks/w0000_ta10230;/astrum/home/hpchzy/code/data/20260520/c920bn3/outputAssessing/assess.expr1.fsize.np128/20260520_184947/cntvcto/interval10000_fkerncopy_rkernnone_fsize64_rsize0/cntvcto_walks/w0001_ta10053;/astrum/home/hpchzy/code/data/20260520/c920bn3/outputAssessing/assess.expr1.fsize.np128/20260520_184947/cntvcto/interval10000_fkerncopy_rkernnone_fsize64_rsize0/cntvcto_walks/w0002_ta10170,300,300,85.66666666666667,25.92815306222109,16.618015577278143,0.008439234229796736,10151.0,10236.666666666666
c920bn3,assess.expr1.fsize.np128,20260520_184947,/astrum/home/hpchzy/code/data/20260520/c920bn3/outputAssessing/assess.expr1.fsize.np128/20260520_184947,True,cntvcto,10000,10.0,128,none,copy,/astrum/home/hpchzy/code/data/20260520/c920bn3/outputAssessing/assess.expr1.fsize.np128/20260520_184947/cntvcto/interval10000_fkerncopy_rkernnone_fsize128_rsize0/cntvcto_walks/w0002_ta10170;/astrum/home/hpchzy/code/data/20260520/c920bn3/outputAssessing/assess.expr1.fsize.np128/20260520_184947/cntvcto/interval10000_fkerncopy_rkernnone_fsize128_rsize0/cntvcto_walks/w0000_ta10230;/astrum/home/hpchzy/code/data/20260520/c920bn3/outputAssessing/assess.expr1.fsize.np128/20260520_184947/cntvcto/interval10000_fkerncopy_rkernnone_fsize128_rsize0/cntvcto_walks/w0001_ta10053,300,300,41.53333333333333,26.67754343870175,17.041870892599402,0.00409155091452402,10151.0,10192.533333333333
c920bn3,assess.expr1.fsize.np128,20260520_184947,/astrum/home/hpchzy/code/data/20260520/c920bn3/outputAssessing/assess.expr1.fsize.np128/20260520_184947,True,cntvcto,10000,10.0,256,none,copy,/astrum/home/hpchzy/code/data/20260520/c920bn3/outputAssessing/assess.expr1.fsize.np128/20260520_184947/cntvcto/interval10000_fkerncopy_rkernnone_fsize256_rsize0/cntvcto_walks/w0001_ta10053;/astrum/home/hpchzy/code/data/20260520/c920bn3/outputAssessing/assess.expr1.fsize.np128/20260520_184947/cntvcto/interval10000_fkerncopy_rkernnone_fsize256_rsize0/cntvcto_walks/w0000_ta10230;/astrum/home/hpchzy/code/data/20260520/c920bn3/outputAssessing/assess.expr1.fsize.np128/20260520_184947/cntvcto/interval10000_fkerncopy_rkernnone_fsize256_rsize0/cntvcto_walks/w0002_ta10170,300,300,42.1,25.76352720165684,17.68384501063655,0.004147374642892326,10151.0,10193.1
c920bn3,assess.expr1.fsize.np128,20260520_184947,/astrum/home/hpchzy/code/data/20260520/c920bn3/outputAssessing/assess.expr1.fsize.np128/20260520_184947,True,cntvcto,10000,10.0,512,none,copy,/astrum/home/hpchzy/code/data/20260520/c920bn3/outputAssessing/assess.expr1.fsize.np128/20260520_184947/cntvcto/interval10000_fkerncopy_rkernnone_fsize512_rsize0/cntvcto_walks/w0001_ta10053;/astrum/home/hpchzy/code/data/20260520/c920bn3/outputAssessing/assess.expr1.fsize.np128/20260520_184947/cntvcto/interval10000_fkerncopy_rkernnone_fsize512_rsize0/cntvcto_walks/w0000_ta10230;/astrum/home/hpchzy/code/data/20260520/c920bn3/outputAssessing/assess.expr1.fsize.np128/20260520_184947/cntvcto/interval10000_fkerncopy_rkernnone_fsize512_rsize0/cntvcto_walks/w0002_ta10170,300,300,106.13333333333334,15.709610300678733,15.022902771936323,0.010455455948510821,10151.0,10257.133333333333
c920bn3,assess.expr1.fsize.np128,20260520_184947,/astrum/home/hpchzy/code/data/20260520/c920bn3/outputAssessing/assess.expr1.fsize.np128/20260520_184947,True,cntvcto,10000,10.0,1024,none,copy,/astrum/home/hpchzy/code/data/20260520/c920bn3/outputAssessing/assess.expr1.fsize.np128/20260520_184947/cntvcto/interval10000_fkerncopy_rkernnone_fsize1024_rsize0/cntvcto_walks/w0002_ta10170;/astrum/home/hpchzy/code/data/20260520/c920bn3/outputAssessing/assess.expr1.fsize.np128/20260520_184947/cntvcto/interval10000_fkerncopy_rkernnone_fsize1024_rsize0/cntvcto_walks/w0001_ta10053;/astrum/home/hpchzy/code/data/20260520/c920bn3/outputAssessing/assess.expr1.fsize.np128/20260520_184947/cntvcto/interval10000_fkerncopy_rkernnone_fsize1024_rsize0/cntvcto_walks/w0000_ta10230,300,300,117.63333333333334,28.12266189373801,36.08976207846257,0.011588349259514663,10151.0,10268.633333333333
c920bn3,assess.expr1.fsize.np128,20260520_184947,/astrum/home/hpchzy/code/data/20260520/c920bn3/outputAssessing/assess.expr1.fsize.np128/20260520_184947,True,cntvcto,10000,10.0,2048,none,copy,/astrum/home/hpchzy/code/data/20260520/c920bn3/outputAssessing/assess.expr1.fsize.np128/20260520_184947/cntvcto/interval10000_fkerncopy_rkernnone_fsize2048_rsize0/cntvcto_walks/w0002_ta10170;/astrum/home/hpchzy/code/data/20260520/c920bn3/outputAssessing/assess.expr1.fsize.np128/20260520_184947/cntvcto/interval10000_fkerncopy_rkernnone_fsize2048_rsize0/cntvcto_walks/w0001_ta10053;/astrum/home/hpchzy/code/data/20260520/c920bn3/outputAssessing/assess.expr1.fsize.np128/20260520_184947/cntvcto/interval10000_fkerncopy_rkernnone_fsize2048_rsize0/cntvcto_walks/w0000_ta10230,300,300,148.23333333333332,43.17442551089195,153.5291759198982,0.014602830591403144,10151.0,10299.233333333334
c920bn3,assess.expr1.fsize.np128,20260520_184947,/astrum/home/hpchzy/code/data/20260520/c920bn3/outputAssessing/assess.expr1.fsize.np128/20260520_184947,True,cntvcto,10000,10.0,4096,none,copy,/astrum/home/hpchzy/code/data/20260520/c920bn3/outputAssessing/assess.expr1.fsize.np128/20260520_184947/cntvcto/interval10000_fkerncopy_rkernnone_fsize4096_rsize0/cntvcto_walks/w0001_ta10053;/astrum/home/hpchzy/code/data/20260520/c920bn3/outputAssessing/assess.expr1.fsize.np128/20260520_184947/cntvcto/interval10000_fkerncopy_rkernnone_fsize4096_rsize0/cntvcto_walks/w0000_ta10230;/astrum/home/hpchzy/code/data/20260520/c920bn3/outputAssessing/assess.expr1.fsize.np128/20260520_184947/cntvcto/interval10000_fkerncopy_rkernnone_fsize4096_rsize0/cntvcto_walks/w0002_ta10170,300,300,392.06666666666666,152.36638458567566,742.3498729178186,0.03862345253341214,10151.0,10543.066666666668
c920bn3,assess.expr1.fsize.np128,20260520_184947,/astrum/home/hpchzy/code/data/20260520/c920bn3/outputAssessing/assess.expr1.fsize.np128/20260520_184947,True,cntvcto,10000,10.0,8192,none,copy,/astrum/home/hpchzy/code/data/20260520/c920bn3/outputAssessing/assess.expr1.fsize.np128/20260520_184947/cntvcto/interval10000_fkerncopy_rkernnone_fsize8192_rsize0/cntvcto_walks/w0002_ta10170;/astrum/home/hpchzy/code/data/20260520/c920bn3/outputAssessing/assess.expr1.fsize.np128/20260520_184947/cntvcto/interval10000_fkerncopy_rkernnone_fsize8192_rsize0/cntvcto_walks/w0001_ta10053;/astrum/home/hpchzy/code/data/20260520/c920bn3/outputAssessing/assess.expr1.fsize.np128/20260520_184947/cntvcto/interval10000_fkerncopy_rkernnone_fsize8192_rsize0/cntvcto_walks/w0000_ta10230,300,300,712.4666666666667,408.8257843029603,1122.920452417925,0.07018684530259744,10151.0,10863.466666666667
c920bn3,assess.expr1.fsize.np128,20260520_184947,/astrum/home/hpchzy/code/data/20260520/c920bn3/outputAssessing/assess.expr1.fsize.np128/20260520_184947,True,mpi_wtime,10000,10.0,16,none,copy,/astrum/home/hpchzy/code/data/20260520/c920bn3/outputAssessing/assess.expr1.fsize.np128/20260520_184947/mpi_wtime/interval10000_fkerncopy_rkernnone_fsize16_rsize0/mpi_wtime_walks/w0002_ta10170;/astrum/home/hpchzy/code/data/20260520/c920bn3/outputAssessing/assess.expr1.fsize.np128/20260520_184947/mpi_wtime/interval10000_fkerncopy_rkernnone_fsize16_rsize0/mpi_wtime_walks/w0001_ta10053;/astrum/home/hpchzy/code/data/20260520/c920bn3/outputAssessing/assess.expr1.fsize.np128/20260520_184947/mpi_wtime/interval10000_fkerncopy_rkernnone_fsize16_rsize0/mpi_wtime_walks/w0000_ta10230,300,300,73.95666666666666,25.709017473109704,48.37200566608819,0.007285653301809345,10151.0,10224.956666666667
c920bn3,assess.expr1.fsize.np128,20260520_184947,/astrum/home/hpchzy/code/data/20260520/c920bn3/outputAssessing/assess.expr1.fsize.np128/20260520_184947,True,mpi_wtime,10000,10.0,32,none,copy,/astrum/home/hpchzy/code/data/20260520/c920bn3/outputAssessing/assess.expr1.fsize.np128/20260520_184947/mpi_wtime/interval10000_fkerncopy_rkernnone_fsize32_rsize0/mpi_wtime_walks/w0001_ta10053;/astrum/home/hpchzy/code/data/20260520/c920bn3/outputAssessing/assess.expr1.fsize.np128/20260520_184947/mpi_wtime/interval10000_fkerncopy_rkernnone_fsize32_rsize0/mpi_wtime_walks/w0000_ta10230;/astrum/home/hpchzy/code/data/20260520/c920bn3/outputAssessing/assess.expr1.fsize.np128/20260520_184947/mpi_wtime/interval10000_fkerncopy_rkernnone_fsize32_rsize0/mpi_wtime_walks/w0002_ta10170,300,300,94.21333333333334,24.46728236738518,56.954319767283955,0.009281187403539882,10151.0,10245.213333333333
c920bn3,assess.expr1.fsize.np128,20260520_184947,/astrum/home/hpchzy/code/data/20260520/c920bn3/outputAssessing/assess.expr1.fsize.np128/20260520_184947,True,mpi_wtime,10000,10.0,64,none,copy,/astrum/home/hpchzy/code/data/20260520/c920bn3/outputAssessing/assess.expr1.fsize.np128/20260520_184947/mpi_wtime/interval10000_fkerncopy_rkernnone_fsize64_rsize0/mpi_wtime_walks/w0000_ta10230;/astrum/home/hpchzy/code/data/20260520/c920bn3/outputAssessing/assess.expr1.fsize.np128/20260520_184947/mpi_wtime/interval10000_fkerncopy_rkernnone_fsize64_rsize0/mpi_wtime_walks/w0001_ta10053;/astrum/home/hpchzy/code/data/20260520/c920bn3/outputAssessing/assess.expr1.fsize.np128/20260520_184947/mpi_wtime/interval10000_fkerncopy_rkernnone_fsize64_rsize0/mpi_wtime_walks/w0002_ta10170,300,300,91.57333333333334,32.50817144324052,72.01713756575492,0.00902111450431813,10151.0,10242.573333333334
c920bn3,assess.expr1.fsize.np128,20260520_184947,/astrum/home/hpchzy/code/data/20260520/c920bn3/outputAssessing/assess.expr1.fsize.np128/20260520_184947,True,mpi_wtime,10000,10.0,128,none,copy,/astrum/home/hpchzy/code/data/20260520/c920bn3/outputAssessing/assess.expr1.fsize.np128/20260520_184947/mpi_wtime/interval10000_fkerncopy_rkernnone_fsize128_rsize0/mpi_wtime_walks/w0002_ta10170;/astrum/home/hpchzy/code/data/20260520/c920bn3/outputAssessing/assess.expr1.fsize.np128/20260520_184947/mpi_wtime/interval10000_fkerncopy_rkernnone_fsize128_rsize0/mpi_wtime_walks/w0000_ta10230;/astrum/home/hpchzy/code/data/20260520/c920bn3/outputAssessing/assess.expr1.fsize.np128/20260520_184947/mpi_wtime/interval10000_fkerncopy_rkernnone_fsize128_rsize0/mpi_wtime_walks/w0001_ta10053,300,300,94.45333333333333,32.494882983352575,78.08182253023152,0.009304830394378223,10151.0,10245.453333333333
c920bn3,assess.expr1.fsize.np128,20260520_184947,/astrum/home/hpchzy/code/data/20260520/c920bn3/outputAssessing/assess.expr1.fsize.np128/20260520_184947,True,mpi_wtime,10000,10.0,256,none,copy,/astrum/home/hpchzy/code/data/20260520/c920bn3/outputAssessing/assess.expr1.fsize.np128/20260520_184947/mpi_wtime/interval10000_fkerncopy_rkernnone_fsize256_rsize0/mpi_wtime_walks/w0000_ta10230;/astrum/home/hpchzy/code/data/20260520/c920bn3/outputAssessing/assess.expr1.fsize.np128/20260520_184947/mpi_wtime/interval10000_fkerncopy_rkernnone_fsize256_rsize0/mpi_wtime_walks/w0001_ta10053;/astrum/home/hpchzy/code/data/20260520/c920bn3/outputAssessing/assess.expr1.fsize.np128/20260520_184947/mpi_wtime/interval10000_fkerncopy_rkernnone_fsize256_rsize0/mpi_wtime_walks/w0002_ta10170,300,300,82.46333333333334,32.65642444569656,95.56968208172508,0.008123665977079435,10151.0,10233.463333333333
c920bn3,assess.expr1.fsize.np128,20260520_184947,/astrum/home/hpchzy/code/data/20260520/c920bn3/outputAssessing/assess.expr1.fsize.np128/20260520_184947,True,mpi_wtime,10000,10.0,512,none,copy,/astrum/home/hpchzy/code/data/20260520/c920bn3/outputAssessing/assess.expr1.fsize.np128/20260520_184947/mpi_wtime/interval10000_fkerncopy_rkernnone_fsize512_rsize0/mpi_wtime_walks/w0000_ta10230;/astrum/home/hpchzy/code/data/20260520/c920bn3/outputAssessing/assess.expr1.fsize.np128/20260520_184947/mpi_wtime/interval10000_fkerncopy_rkernnone_fsize512_rsize0/mpi_wtime_walks/w0001_ta10053;/astrum/home/hpchzy/code/data/20260520/c920bn3/outputAssessing/assess.expr1.fsize.np128/20260520_184947/mpi_wtime/interval10000_fkerncopy_rkernnone_fsize512_rsize0/mpi_wtime_walks/w0002_ta10170,300,300,130.01,33.71720445050124,94.63002104096346,0.012807605162053,10151.0,10281.01
c920bn3,assess.expr1.fsize.np128,20260520_184947,/astrum/home/hpchzy/code/data/20260520/c920bn3/outputAssessing/assess.expr1.fsize.np128/20260520_184947,True,mpi_wtime,10000,10.0,1024,none,copy,/astrum/home/hpchzy/code/data/20260520/c920bn3/outputAssessing/assess.expr1.fsize.np128/20260520_184947/mpi_wtime/interval10000_fkerncopy_rkernnone_fsize1024_rsize0/mpi_wtime_walks/w0001_ta10053;/astrum/home/hpchzy/code/data/20260520/c920bn3/outputAssessing/assess.expr1.fsize.np128/20260520_184947/mpi_wtime/interval10000_fkerncopy_rkernnone_fsize1024_rsize0/mpi_wtime_walks/w0000_ta10230;/astrum/home/hpchzy/code/data/20260520/c920bn3/outputAssessing/assess.expr1.fsize.np128/20260520_184947/mpi_wtime/interval10000_fkerncopy_rkernnone_fsize1024_rsize0/mpi_wtime_walks/w0002_ta10170,300,300,100.40666666666667,36.64760832584137,34.10370227497792,0.009891307917118182,10151.0,10251.406666666666
c920bn3,assess.expr1.fsize.np128,20260520_184947,/astrum/home/hpchzy/code/data/20260520/c920bn3/outputAssessing/assess.expr1.fsize.np128/20260520_184947,True,mpi_wtime,10000,10.0,2048,none,copy,/astrum/home/hpchzy/code/data/20260520/c920bn3/outputAssessing/assess.expr1.fsize.np128/20260520_184947/mpi_wtime/interval10000_fkerncopy_rkernnone_fsize2048_rsize0/mpi_wtime_walks/w0002_ta10170;/astrum/home/hpchzy/code/data/20260520/c920bn3/outputAssessing/assess.expr1.fsize.np128/20260520_184947/mpi_wtime/interval10000_fkerncopy_rkernnone_fsize2048_rsize0/mpi_wtime_walks/w0001_ta10053;/astrum/home/hpchzy/code/data/20260520/c920bn3/outputAssessing/assess.expr1.fsize.np128/20260520_184947/mpi_wtime/interval10000_fkerncopy_rkernnone_fsize2048_rsize0/mpi_wtime_walks/w0000_ta10230,300,300,213.9,90.5693409047272,334.2861803224576,0.02107181558467146,10151.0,10364.9
c920bn3,assess.expr1.fsize.np128,20260520_184947,/astrum/home/hpchzy/code/data/20260520/c920bn3/outputAssessing/assess.expr1.fsize.np128/20260520_184947,True,mpi_wtime,10000,10.0,4096,none,copy,/astrum/home/hpchzy/code/data/20260520/c920bn3/outputAssessing/assess.expr1.fsize.np128/20260520_184947/mpi_wtime/interval10000_fkerncopy_rkernnone_fsize4096_rsize0/mpi_wtime_walks/w0000_ta10230;/astrum/home/hpchzy/code/data/20260520/c920bn3/outputAssessing/assess.expr1.fsize.np128/20260520_184947/mpi_wtime/interval10000_fkerncopy_rkernnone_fsize4096_rsize0/mpi_wtime_walks/w0001_ta10053;/astrum/home/hpchzy/code/data/20260520/c920bn3/outputAssessing/assess.expr1.fsize.np128/20260520_184947/mpi_wtime/interval10000_fkerncopy_rkernnone_fsize4096_rsize0/mpi_wtime_walks/w0002_ta10170,300,300,793.5466666666666,246.00471916666353,880.1891156693422,0.07817423570748366,10151.0,10944.546666666667
c920bn3,assess.expr1.fsize.np128,20260520_184947,/astrum/home/hpchzy/code/data/20260520/c920bn3/outputAssessing/assess.expr1.fsize.np128/20260520_184947,True,mpi_wtime,10000,10.0,8192,none,copy,/astrum/home/hpchzy/code/data/20260520/c920bn3/outputAssessing/assess.expr1.fsize.np128/20260520_184947/mpi_wtime/interval10000_fkerncopy_rkernnone_fsize8192_rsize0/mpi_wtime_walks/w0000_ta10230;/astrum/home/hpchzy/code/data/20260520/c920bn3/outputAssessing/assess.expr1.fsize.np128/20260520_184947/mpi_wtime/interval10000_fkerncopy_rkernnone_fsize8192_rsize0/mpi_wtime_walks/w0001_ta10053;/astrum/home/hpchzy/code/data/20260520/c920bn3/outputAssessing/assess.expr1.fsize.np128/20260520_184947/mpi_wtime/interval10000_fkerncopy_rkernnone_fsize8192_rsize0/mpi_wtime_walks/w0002_ta10170,300,300,1028.6266666666668,738.4881728033664,1480.2006645360796,0.10133254523363873,10151.0,11179.626666666667
c920bn3,assess.expr1.fsize.np64,20260520_184807,/astrum/home/hpchzy/code/data/20260520/c920bn3/outputAssessing/assess.expr1.fsize.np64/20260520_184807,True,clock_gettime,10000,10.0,16,none,copy,/astrum/home/hpchzy/code/data/20260520/c920bn3/outputAssessing/assess.expr1.fsize.np64/20260520_184807/clock_gettime/interval10000_fkerncopy_rkernnone_fsize16_rsize0/clock_gettime_walks/w0002_ta10093;/astrum/home/hpchzy/code/data/20260520/c920bn3/outputAssessing/assess.expr1.fsize.np64/20260520_184807/clock_gettime/interval10000_fkerncopy_rkernnone_fsize16_rsize0/clock_gettime_walks/w0000_ta9835;/astrum/home/hpchzy/code/data/20260520/c920bn3/outputAssessing/assess.expr1.fsize.np64/20260520_184807/clock_gettime/interval10000_fkerncopy_rkernnone_fsize16_rsize0/clock_gettime_walks/w0001_ta10114,300,300,30.1,7.825732190759836,7.304055611922035,0.003005791891352107,10014.0,10044.1
c920bn3,assess.expr1.fsize.np64,20260520_184807,/astrum/home/hpchzy/code/data/20260520/c920bn3/outputAssessing/assess.expr1.fsize.np64/20260520_184807,True,clock_gettime,10000,10.0,32,none,copy,/astrum/home/hpchzy/code/data/20260520/c920bn3/outputAssessing/assess.expr1.fsize.np64/20260520_184807/clock_gettime/interval10000_fkerncopy_rkernnone_fsize32_rsize0/clock_gettime_walks/w0001_ta10114;/astrum/home/hpchzy/code/data/20260520/c920bn3/outputAssessing/assess.expr1.fsize.np64/20260520_184807/clock_gettime/interval10000_fkerncopy_rkernnone_fsize32_rsize0/clock_gettime_walks/w0000_ta9835;/astrum/home/hpchzy/code/data/20260520/c920bn3/outputAssessing/assess.expr1.fsize.np64/20260520_184807/clock_gettime/interval10000_fkerncopy_rkernnone_fsize32_rsize0/clock_gettime_walks/w0002_ta10093,300,300,30.51,7.5218927854085305,7.840468274348661,0.0030467345715997603,10014.0,10044.51
c920bn3,assess.expr1.fsize.np64,20260520_184807,/astrum/home/hpchzy/code/data/20260520/c920bn3/outputAssessing/assess.expr1.fsize.np64/20260520_184807,True,clock_gettime,10000,10.0,64,none,copy,/astrum/home/hpchzy/code/data/20260520/c920bn3/outputAssessing/assess.expr1.fsize.np64/20260520_184807/clock_gettime/interval10000_fkerncopy_rkernnone_fsize64_rsize0/clock_gettime_walks/w0000_ta9835;/astrum/home/hpchzy/code/data/20260520/c920bn3/outputAssessing/assess.expr1.fsize.np64/20260520_184807/clock_gettime/interval10000_fkerncopy_rkernnone_fsize64_rsize0/clock_gettime_walks/w0002_ta10093;/astrum/home/hpchzy/code/data/20260520/c920bn3/outputAssessing/assess.expr1.fsize.np64/20260520_184807/clock_gettime/interval10000_fkerncopy_rkernnone_fsize64_rsize0/clock_gettime_walks/w0001_ta10114,300,300,30.866666666666667,7.534458003435121,8.875036137816714,0.003082351374742028,10014.0,10044.866666666667
c920bn3,assess.expr1.fsize.np64,20260520_184807,/astrum/home/hpchzy/code/data/20260520/c920bn3/outputAssessing/assess.expr1.fsize.np64/20260520_184807,True,clock_gettime,10000,10.0,128,none,copy,/astrum/home/hpchzy/code/data/20260520/c920bn3/outputAssessing/assess.expr1.fsize.np64/20260520_184807/clock_gettime/interval10000_fkerncopy_rkernnone_fsize128_rsize0/clock_gettime_walks/w0000_ta9835;/astrum/home/hpchzy/code/data/20260520/c920bn3/outputAssessing/assess.expr1.fsize.np64/20260520_184807/clock_gettime/interval10000_fkerncopy_rkernnone_fsize128_rsize0/clock_gettime_walks/w0001_ta10114;/astrum/home/hpchzy/code/data/20260520/c920bn3/outputAssessing/assess.expr1.fsize.np64/20260520_184807/clock_gettime/interval10000_fkerncopy_rkernnone_fsize128_rsize0/clock_gettime_walks/w0002_ta10093,300,300,30.14,7.744239346727302,8.757348180098617,0.0030097862991811464,10014.0,10044.14
c920bn3,assess.expr1.fsize.np64,20260520_184807,/astrum/home/hpchzy/code/data/20260520/c920bn3/outputAssessing/assess.expr1.fsize.np64/20260520_184807,True,clock_gettime,10000,10.0,256,none,copy,/astrum/home/hpchzy/code/data/20260520/c920bn3/outputAssessing/assess.expr1.fsize.np64/20260520_184807/clock_gettime/interval10000_fkerncopy_rkernnone_fsize256_rsize0/clock_gettime_walks/w0002_ta10093;/astrum/home/hpchzy/code/data/20260520/c920bn3/outputAssessing/assess.expr1.fsize.np64/20260520_184807/clock_gettime/interval10000_fkerncopy_rkernnone_fsize256_rsize0/clock_gettime_walks/w0001_ta10114;/astrum/home/hpchzy/code/data/20260520/c920bn3/outputAssessing/assess.expr1.fsize.np64/20260520_184807/clock_gettime/interval10000_fkerncopy_rkernnone_fsize256_rsize0/clock_gettime_walks/w0000_ta9835,300,300,55.67333333333333,7.741653344218642,9.653048634372897,0.005559549963384595,10014.0,10069.673333333334
c920bn3,assess.expr1.fsize.np64,20260520_184807,/astrum/home/hpchzy/code/data/20260520/c920bn3/outputAssessing/assess.expr1.fsize.np64/20260520_184807,True,clock_gettime,10000,10.0,512,none,copy,/astrum/home/hpchzy/code/data/20260520/c920bn3/outputAssessing/assess.expr1.fsize.np64/20260520_184807/clock_gettime/interval10000_fkerncopy_rkernnone_fsize512_rsize0/clock_gettime_walks/w0000_ta9835;/astrum/home/hpchzy/code/data/20260520/c920bn3/outputAssessing/assess.expr1.fsize.np64/20260520_184807/clock_gettime/interval10000_fkerncopy_rkernnone_fsize512_rsize0/clock_gettime_walks/w0002_ta10093;/astrum/home/hpchzy/code/data/20260520/c920bn3/outputAssessing/assess.expr1.fsize.np64/20260520_184807/clock_gettime/interval10000_fkerncopy_rkernnone_fsize512_rsize0/clock_gettime_walks/w0001_ta10114,300,300,56.696666666666665,7.691638096006462,9.140315565518335,0.005661740230344185,10014.0,10070.696666666667
c920bn3,assess.expr1.fsize.np64,20260520_184807,/astrum/home/hpchzy/code/data/20260520/c920bn3/outputAssessing/assess.expr1.fsize.np64/20260520_184807,True,clock_gettime,10000,10.0,1024,none,copy,/astrum/home/hpchzy/code/data/20260520/c920bn3/outputAssessing/assess.expr1.fsize.np64/20260520_184807/clock_gettime/interval10000_fkerncopy_rkernnone_fsize1024_rsize0/clock_gettime_walks/w0002_ta10093;/astrum/home/hpchzy/code/data/20260520/c920bn3/outputAssessing/assess.expr1.fsize.np64/20260520_184807/clock_gettime/interval10000_fkerncopy_rkernnone_fsize1024_rsize0/clock_gettime_walks/w0001_ta10114;/astrum/home/hpchzy/code/data/20260520/c920bn3/outputAssessing/assess.expr1.fsize.np64/20260520_184807/clock_gettime/interval10000_fkerncopy_rkernnone_fsize1024_rsize0/clock_gettime_walks/w0000_ta9835,300,300,33.52333333333333,8.905854327671555,10.421910308724113,0.0033476466280540577,10014.0,10047.523333333333
c920bn3,assess.expr1.fsize.np64,20260520_184807,/astrum/home/hpchzy/code/data/20260520/c920bn3/outputAssessing/assess.expr1.fsize.np64/20260520_184807,True,clock_gettime,10000,10.0,2048,none,copy,/astrum/home/hpchzy/code/data/20260520/c920bn3/outputAssessing/assess.expr1.fsize.np64/20260520_184807/clock_gettime/interval10000_fkerncopy_rkernnone_fsize2048_rsize0/clock_gettime_walks/w0001_ta10114;/astrum/home/hpchzy/code/data/20260520/c920bn3/outputAssessing/assess.expr1.fsize.np64/20260520_184807/clock_gettime/interval10000_fkerncopy_rkernnone_fsize2048_rsize0/clock_gettime_walks/w0000_ta9835;/astrum/home/hpchzy/code/data/20260520/c920bn3/outputAssessing/assess.expr1.fsize.np64/20260520_184807/clock_gettime/interval10000_fkerncopy_rkernnone_fsize2048_rsize0/clock_gettime_walks/w0002_ta10093,300,300,90.50333333333333,20.99630453885746,52.631197505749505,0.009037680580520605,10014.0,10104.503333333334
c920bn3,assess.expr1.fsize.np64,20260520_184807,/astrum/home/hpchzy/code/data/20260520/c920bn3/outputAssessing/assess.expr1.fsize.np64/20260520_184807,True,clock_gettime,10000,10.0,4096,none,copy,/astrum/home/hpchzy/code/data/20260520/c920bn3/outputAssessing/assess.expr1.fsize.np64/20260520_184807/clock_gettime/interval10000_fkerncopy_rkernnone_fsize4096_rsize0/clock_gettime_walks/w0001_ta10114;/astrum/home/hpchzy/code/data/20260520/c920bn3/outputAssessing/assess.expr1.fsize.np64/20260520_184807/clock_gettime/interval10000_fkerncopy_rkernnone_fsize4096_rsize0/clock_gettime_walks/w0002_ta10093;/astrum/home/hpchzy/code/data/20260520/c920bn3/outputAssessing/assess.expr1.fsize.np64/20260520_184807/clock_gettime/interval10000_fkerncopy_rkernnone_fsize4096_rsize0/clock_gettime_walks/w0000_ta9835,300,300,353.3566666666667,33.65914515324111,278.1525611633136,0.03528626589441449,10014.0,10367.356666666667
c920bn3,assess.expr1.fsize.np64,20260520_184807,/astrum/home/hpchzy/code/data/20260520/c920bn3/outputAssessing/assess.expr1.fsize.np64/20260520_184807,True,clock_gettime,10000,10.0,8192,none,copy,/astrum/home/hpchzy/code/data/20260520/c920bn3/outputAssessing/assess.expr1.fsize.np64/20260520_184807/clock_gettime/interval10000_fkerncopy_rkernnone_fsize8192_rsize0/clock_gettime_walks/w0000_ta9835;/astrum/home/hpchzy/code/data/20260520/c920bn3/outputAssessing/assess.expr1.fsize.np64/20260520_184807/clock_gettime/interval10000_fkerncopy_rkernnone_fsize8192_rsize0/clock_gettime_walks/w0002_ta10093;/astrum/home/hpchzy/code/data/20260520/c920bn3/outputAssessing/assess.expr1.fsize.np64/20260520_184807/clock_gettime/interval10000_fkerncopy_rkernnone_fsize8192_rsize0/clock_gettime_walks/w0001_ta10114,300,300,249.38,44.7047384629547,301.2965351693896,0.024903135610145795,10014.0,10263.38
c920bn3,assess.expr1.fsize.np64,20260520_184807,/astrum/home/hpchzy/code/data/20260520/c920bn3/outputAssessing/assess.expr1.fsize.np64/20260520_184807,True,cntvct,10000,10.0,16,none,copy,/astrum/home/hpchzy/code/data/20260520/c920bn3/outputAssessing/assess.expr1.fsize.np64/20260520_184807/cntvct/interval10000_fkerncopy_rkernnone_fsize16_rsize0/cntvct_walks/w0001_ta10114;/astrum/home/hpchzy/code/data/20260520/c920bn3/outputAssessing/assess.expr1.fsize.np64/20260520_184807/cntvct/interval10000_fkerncopy_rkernnone_fsize16_rsize0/cntvct_walks/w0000_ta9835;/astrum/home/hpchzy/code/data/20260520/c920bn3/outputAssessing/assess.expr1.fsize.np64/20260520_184807/cntvct/interval10000_fkerncopy_rkernnone_fsize16_rsize0/cntvct_walks/w0002_ta10093,300,300,92.86666666666666,8.405655501418774,30.107507998471654,0.009273683509753012,10014.0,10106.866666666667
c920bn3,assess.expr1.fsize.np64,20260520_184807,/astrum/home/hpchzy/code/data/20260520/c920bn3/outputAssessing/assess.expr1.fsize.np64/20260520_184807,True,cntvct,10000,10.0,32,none,copy,/astrum/home/hpchzy/code/data/20260520/c920bn3/outputAssessing/assess.expr1.fsize.np64/20260520_184807/cntvct/interval10000_fkerncopy_rkernnone_fsize32_rsize0/cntvct_walks/w0001_ta10114;/astrum/home/hpchzy/code/data/20260520/c920bn3/outputAssessing/assess.expr1.fsize.np64/20260520_184807/cntvct/interval10000_fkerncopy_rkernnone_fsize32_rsize0/cntvct_walks/w0000_ta9835;/astrum/home/hpchzy/code/data/20260520/c920bn3/outputAssessing/assess.expr1.fsize.np64/20260520_184807/cntvct/interval10000_fkerncopy_rkernnone_fsize32_rsize0/cntvct_walks/w0002_ta10093,300,300,96.56666666666666,7.573050085419847,7.066659188900267,0.009643166233939151,10014.0,10110.566666666668
c920bn3,assess.expr1.fsize.np64,20260520_184807,/astrum/home/hpchzy/code/data/20260520/c920bn3/outputAssessing/assess.expr1.fsize.np64/20260520_184807,True,cntvct,10000,10.0,64,none,copy,/astrum/home/hpchzy/code/data/20260520/c920bn3/outputAssessing/assess.expr1.fsize.np64/20260520_184807/cntvct/interval10000_fkerncopy_rkernnone_fsize64_rsize0/cntvct_walks/w0000_ta9835;/astrum/home/hpchzy/code/data/20260520/c920bn3/outputAssessing/assess.expr1.fsize.np64/20260520_184807/cntvct/interval10000_fkerncopy_rkernnone_fsize64_rsize0/cntvct_walks/w0002_ta10093;/astrum/home/hpchzy/code/data/20260520/c920bn3/outputAssessing/assess.expr1.fsize.np64/20260520_184807/cntvct/interval10000_fkerncopy_rkernnone_fsize64_rsize0/cntvct_walks/w0001_ta10114,300,300,68.1,7.527864557714757,7.410863041876057,0.006800479328939484,10014.0,10082.1
c920bn3,assess.expr1.fsize.np64,20260520_184807,/astrum/home/hpchzy/code/data/20260520/c920bn3/outputAssessing/assess.expr1.fsize.np64/20260520_184807,True,cntvct,10000,10.0,128,none,copy,/astrum/home/hpchzy/code/data/20260520/c920bn3/outputAssessing/assess.expr1.fsize.np64/20260520_184807/cntvct/interval10000_fkerncopy_rkernnone_fsize128_rsize0/cntvct_walks/w0001_ta10114;/astrum/home/hpchzy/code/data/20260520/c920bn3/outputAssessing/assess.expr1.fsize.np64/20260520_184807/cntvct/interval10000_fkerncopy_rkernnone_fsize128_rsize0/cntvct_walks/w0000_ta9835;/astrum/home/hpchzy/code/data/20260520/c920bn3/outputAssessing/assess.expr1.fsize.np64/20260520_184807/cntvct/interval10000_fkerncopy_rkernnone_fsize128_rsize0/cntvct_walks/w0002_ta10093,300,300,30.333333333333332,8.229905315563908,8.746135307161506,0.00302909260368817,10014.0,10044.333333333334
c920bn3,assess.expr1.fsize.np64,20260520_184807,/astrum/home/hpchzy/code/data/20260520/c920bn3/outputAssessing/assess.expr1.fsize.np64/20260520_184807,True,cntvct,10000,10.0,256,none,copy,/astrum/home/hpchzy/code/data/20260520/c920bn3/outputAssessing/assess.expr1.fsize.np64/20260520_184807/cntvct/interval10000_fkerncopy_rkernnone_fsize256_rsize0/cntvct_walks/w0001_ta10114;/astrum/home/hpchzy/code/data/20260520/c920bn3/outputAssessing/assess.expr1.fsize.np64/20260520_184807/cntvct/interval10000_fkerncopy_rkernnone_fsize256_rsize0/cntvct_walks/w0000_ta9835;/astrum/home/hpchzy/code/data/20260520/c920bn3/outputAssessing/assess.expr1.fsize.np64/20260520_184807/cntvct/interval10000_fkerncopy_rkernnone_fsize256_rsize0/cntvct_walks/w0002_ta10093,300,300,60.06666666666667,8.052109367355802,7.804654305314552,0.00599826908994075,10014.0,10074.066666666668
c920bn3,assess.expr1.fsize.np64,20260520_184807,/astrum/home/hpchzy/code/data/20260520/c920bn3/outputAssessing/assess.expr1.fsize.np64/20260520_184807,True,cntvct,10000,10.0,512,none,copy,/astrum/home/hpchzy/code/data/20260520/c920bn3/outputAssessing/assess.expr1.fsize.np64/20260520_184807/cntvct/interval10000_fkerncopy_rkernnone_fsize512_rsize0/cntvct_walks/w0000_ta9835;/astrum/home/hpchzy/code/data/20260520/c920bn3/outputAssessing/assess.expr1.fsize.np64/20260520_184807/cntvct/interval10000_fkerncopy_rkernnone_fsize512_rsize0/cntvct_walks/w0002_ta10093;/astrum/home/hpchzy/code/data/20260520/c920bn3/outputAssessing/assess.expr1.fsize.np64/20260520_184807/cntvct/interval10000_fkerncopy_rkernnone_fsize512_rsize0/cntvct_walks/w0001_ta10114,300,300,78.5,8.870268655669374,26.41704145194034,0.007839025364489714,10014.0,10092.5
c920bn3,assess.expr1.fsize.np64,20260520_184807,/astrum/home/hpchzy/code/data/20260520/c920bn3/outputAssessing/assess.expr1.fsize.np64/20260520_184807,True,cntvct,10000,10.0,1024,none,copy,/astrum/home/hpchzy/code/data/20260520/c920bn3/outputAssessing/assess.expr1.fsize.np64/20260520_184807/cntvct/interval10000_fkerncopy_rkernnone_fsize1024_rsize0/cntvct_walks/w0002_ta10093;/astrum/home/hpchzy/code/data/20260520/c920bn3/outputAssessing/assess.expr1.fsize.np64/20260520_184807/cntvct/interval10000_fkerncopy_rkernnone_fsize1024_rsize0/cntvct_walks/w0001_ta10114;/astrum/home/hpchzy/code/data/20260520/c920bn3/outputAssessing/assess.expr1.fsize.np64/20260520_184807/cntvct/interval10000_fkerncopy_rkernnone_fsize1024_rsize0/cntvct_walks/w0000_ta9835,300,300,33.3,9.135092261267003,11.41845486308794,0.0033253445176752543,10014.0,10047.3
c920bn3,assess.expr1.fsize.np64,20260520_184807,/astrum/home/hpchzy/code/data/20260520/c920bn3/outputAssessing/assess.expr1.fsize.np64/20260520_184807,True,cntvct,10000,10.0,2048,none,copy,/astrum/home/hpchzy/code/data/20260520/c920bn3/outputAssessing/assess.expr1.fsize.np64/20260520_184807/cntvct/interval10000_fkerncopy_rkernnone_fsize2048_rsize0/cntvct_walks/w0001_ta10114;/astrum/home/hpchzy/code/data/20260520/c920bn3/outputAssessing/assess.expr1.fsize.np64/20260520_184807/cntvct/interval10000_fkerncopy_rkernnone_fsize2048_rsize0/cntvct_walks/w0000_ta9835;/astrum/home/hpchzy/code/data/20260520/c920bn3/outputAssessing/assess.expr1.fsize.np64/20260520_184807/cntvct/interval10000_fkerncopy_rkernnone_fsize2048_rsize0/cntvct_walks/w0002_ta10093,300,300,99.8,20.710962400298143,43.49743065079792,0.009966047533453166,10014.0,10113.8
c920bn3,assess.expr1.fsize.np64,20260520_184807,/astrum/home/hpchzy/code/data/20260520/c920bn3/outputAssessing/assess.expr1.fsize.np64/20260520_184807,True,cntvct,10000,10.0,4096,none,copy,/astrum/home/hpchzy/code/data/20260520/c920bn3/outputAssessing/assess.expr1.fsize.np64/20260520_184807/cntvct/interval10000_fkerncopy_rkernnone_fsize4096_rsize0/cntvct_walks/w0000_ta9835;/astrum/home/hpchzy/code/data/20260520/c920bn3/outputAssessing/assess.expr1.fsize.np64/20260520_184807/cntvct/interval10000_fkerncopy_rkernnone_fsize4096_rsize0/cntvct_walks/w0001_ta10114;/astrum/home/hpchzy/code/data/20260520/c920bn3/outputAssessing/assess.expr1.fsize.np64/20260520_184807/cntvct/interval10000_fkerncopy_rkernnone_fsize4096_rsize0/cntvct_walks/w0002_ta10093,300,300,216.33333333333334,55.833424813337594,145.09308402913345,0.021603089008721123,10014.0,10230.333333333334
c920bn3,assess.expr1.fsize.np64,20260520_184807,/astrum/home/hpchzy/code/data/20260520/c920bn3/outputAssessing/assess.expr1.fsize.np64/20260520_184807,True,cntvct,10000,10.0,8192,none,copy,/astrum/home/hpchzy/code/data/20260520/c920bn3/outputAssessing/assess.expr1.fsize.np64/20260520_184807/cntvct/interval10000_fkerncopy_rkernnone_fsize8192_rsize0/cntvct_walks/w0002_ta10093;/astrum/home/hpchzy/code/data/20260520/c920bn3/outputAssessing/assess.expr1.fsize.np64/20260520_184807/cntvct/interval10000_fkerncopy_rkernnone_fsize8192_rsize0/cntvct_walks/w0001_ta10114;/astrum/home/hpchzy/code/data/20260520/c920bn3/outputAssessing/assess.expr1.fsize.np64/20260520_184807/cntvct/interval10000_fkerncopy_rkernnone_fsize8192_rsize0/cntvct_walks/w0000_ta9835,300,300,580.7,188.12144243830193,630.4077516490271,0.057988815658078695,10014.0,10594.7
c920bn3,assess.expr1.fsize.np64,20260520_184807,/astrum/home/hpchzy/code/data/20260520/c920bn3/outputAssessing/assess.expr1.fsize.np64/20260520_184807,True,cntvcto,10000,10.0,16,none,copy,/astrum/home/hpchzy/code/data/20260520/c920bn3/outputAssessing/assess.expr1.fsize.np64/20260520_184807/cntvcto/interval10000_fkerncopy_rkernnone_fsize16_rsize0/cntvcto_walks/w0001_ta10114;/astrum/home/hpchzy/code/data/20260520/c920bn3/outputAssessing/assess.expr1.fsize.np64/20260520_184807/cntvcto/interval10000_fkerncopy_rkernnone_fsize16_rsize0/cntvcto_walks/w0000_ta9835;/astrum/home/hpchzy/code/data/20260520/c920bn3/outputAssessing/assess.expr1.fsize.np64/20260520_184807/cntvcto/interval10000_fkerncopy_rkernnone_fsize16_rsize0/cntvcto_walks/w0002_ta10093,300,300,40.233333333333334,8.627749818253216,7.553582633756182,0.004017708541375408,10014.0,10054.233333333334
c920bn3,assess.expr1.fsize.np64,20260520_184807,/astrum/home/hpchzy/code/data/20260520/c920bn3/outputAssessing/assess.expr1.fsize.np64/20260520_184807,True,cntvcto,10000,10.0,32,none,copy,/astrum/home/hpchzy/code/data/20260520/c920bn3/outputAssessing/assess.expr1.fsize.np64/20260520_184807/cntvcto/interval10000_fkerncopy_rkernnone_fsize32_rsize0/cntvcto_walks/w0001_ta10114;/astrum/home/hpchzy/code/data/20260520/c920bn3/outputAssessing/assess.expr1.fsize.np64/20260520_184807/cntvcto/interval10000_fkerncopy_rkernnone_fsize32_rsize0/cntvcto_walks/w0000_ta9835;/astrum/home/hpchzy/code/data/20260520/c920bn3/outputAssessing/assess.expr1.fsize.np64/20260520_184807/cntvcto/interval10000_fkerncopy_rkernnone_fsize32_rsize0/cntvcto_walks/w0002_ta10093,300,300,140.7,7.771475792504004,38.43505833696321,0.014050329538645894,10014.0,10154.7
c920bn3,assess.expr1.fsize.np64,20260520_184807,/astrum/home/hpchzy/code/data/20260520/c920bn3/outputAssessing/assess.expr1.fsize.np64/20260520_184807,True,cntvcto,10000,10.0,64,none,copy,/astrum/home/hpchzy/code/data/20260520/c920bn3/outputAssessing/assess.expr1.fsize.np64/20260520_184807/cntvcto/interval10000_fkerncopy_rkernnone_fsize64_rsize0/cntvcto_walks/w0002_ta10093;/astrum/home/hpchzy/code/data/20260520/c920bn3/outputAssessing/assess.expr1.fsize.np64/20260520_184807/cntvcto/interval10000_fkerncopy_rkernnone_fsize64_rsize0/cntvcto_walks/w0000_ta9835;/astrum/home/hpchzy/code/data/20260520/c920bn3/outputAssessing/assess.expr1.fsize.np64/20260520_184807/cntvcto/interval10000_fkerncopy_rkernnone_fsize64_rsize0/cntvcto_walks/w0001_ta10114,300,300,77.06666666666666,9.134926746513505,7.5802835470822565,0.007695892417282471,10014.0,10091.066666666668
c920bn3,assess.expr1.fsize.np64,20260520_184807,/astrum/home/hpchzy/code/data/20260520/c920bn3/outputAssessing/assess.expr1.fsize.np64/20260520_184807,True,cntvcto,10000,10.0,128,none,copy,/astrum/home/hpchzy/code/data/20260520/c920bn3/outputAssessing/assess.expr1.fsize.np64/20260520_184807/cntvcto/interval10000_fkerncopy_rkernnone_fsize128_rsize0/cntvcto_walks/w0002_ta10093;/astrum/home/hpchzy/code/data/20260520/c920bn3/outputAssessing/assess.expr1.fsize.np64/20260520_184807/cntvcto/interval10000_fkerncopy_rkernnone_fsize128_rsize0/cntvcto_walks/w0001_ta10114;/astrum/home/hpchzy/code/data/20260520/c920bn3/outputAssessing/assess.expr1.fsize.np64/20260520_184807/cntvcto/interval10000_fkerncopy_rkernnone_fsize128_rsize0/cntvcto_walks/w0000_ta9835,300,300,83.4,9.224092854518224,7.697850652010235,0.008328340323547035,10014.0,10097.4
c920bn3,assess.expr1.fsize.np64,20260520_184807,/astrum/home/hpchzy/code/data/20260520/c920bn3/outputAssessing/assess.expr1.fsize.np64/20260520_184807,True,cntvcto,10000,10.0,256,none,copy,/astrum/home/hpchzy/code/data/20260520/c920bn3/outputAssessing/assess.expr1.fsize.np64/20260520_184807/cntvcto/interval10000_fkerncopy_rkernnone_fsize256_rsize0/cntvcto_walks/w0001_ta10114;/astrum/home/hpchzy/code/data/20260520/c920bn3/outputAssessing/assess.expr1.fsize.np64/20260520_184807/cntvcto/interval10000_fkerncopy_rkernnone_fsize256_rsize0/cntvcto_walks/w0000_ta9835;/astrum/home/hpchzy/code/data/20260520/c920bn3/outputAssessing/assess.expr1.fsize.np64/20260520_184807/cntvcto/interval10000_fkerncopy_rkernnone_fsize256_rsize0/cntvcto_walks/w0002_ta10093,300,300,40.96666666666667,8.977699647752162,7.7245515653363155,0.004090939351574462,10014.0,10054.966666666667
c920bn3,assess.expr1.fsize.np64,20260520_184807,/astrum/home/hpchzy/code/data/20260520/c920bn3/outputAssessing/assess.expr1.fsize.np64/20260520_184807,True,cntvcto,10000,10.0,512,none,copy,/astrum/home/hpchzy/code/data/20260520/c920bn3/outputAssessing/assess.expr1.fsize.np64/20260520_184807/cntvcto/interval10000_fkerncopy_rkernnone_fsize512_rsize0/cntvcto_walks/w0001_ta10114;/astrum/home/hpchzy/code/data/20260520/c920bn3/outputAssessing/assess.expr1.fsize.np64/20260520_184807/cntvcto/interval10000_fkerncopy_rkernnone_fsize512_rsize0/cntvcto_walks/w0000_ta9835;/astrum/home/hpchzy/code/data/20260520/c920bn3/outputAssessing/assess.expr1.fsize.np64/20260520_184807/cntvcto/interval10000_fkerncopy_rkernnone_fsize512_rsize0/cntvcto_walks/w0002_ta10093,300,300,62.63333333333333,9.776117660386461,7.852882121887967,0.006254576925637441,10014.0,10076.633333333333
c920bn3,assess.expr1.fsize.np64,20260520_184807,/astrum/home/hpchzy/code/data/20260520/c920bn3/outputAssessing/assess.expr1.fsize.np64/20260520_184807,True,cntvcto,10000,10.0,1024,none,copy,/astrum/home/hpchzy/code/data/20260520/c920bn3/outputAssessing/assess.expr1.fsize.np64/20260520_184807/cntvcto/interval10000_fkerncopy_rkernnone_fsize1024_rsize0/cntvcto_walks/w0000_ta9835;/astrum/home/hpchzy/code/data/20260520/c920bn3/outputAssessing/assess.expr1.fsize.np64/20260520_184807/cntvcto/interval10000_fkerncopy_rkernnone_fsize1024_rsize0/cntvcto_walks/w0002_ta10093;/astrum/home/hpchzy/code/data/20260520/c920bn3/outputAssessing/assess.expr1.fsize.np64/20260520_184807/cntvcto/interval10000_fkerncopy_rkernnone_fsize1024_rsize0/cntvcto_walks/w0001_ta10114,300,300,44.46666666666667,10.095314848685387,9.657969608922233,0.0044404500366154055,10014.0,10058.466666666667
c920bn3,assess.expr1.fsize.np64,20260520_184807,/astrum/home/hpchzy/code/data/20260520/c920bn3/outputAssessing/assess.expr1.fsize.np64/20260520_184807,True,cntvcto,10000,10.0,2048,none,copy,/astrum/home/hpchzy/code/data/20260520/c920bn3/outputAssessing/assess.expr1.fsize.np64/20260520_184807/cntvcto/interval10000_fkerncopy_rkernnone_fsize2048_rsize0/cntvcto_walks/w0001_ta10114;/astrum/home/hpchzy/code/data/20260520/c920bn3/outputAssessing/assess.expr1.fsize.np64/20260520_184807/cntvcto/interval10000_fkerncopy_rkernnone_fsize2048_rsize0/cntvcto_walks/w0002_ta10093;/astrum/home/hpchzy/code/data/20260520/c920bn3/outputAssessing/assess.expr1.fsize.np64/20260520_184807/cntvcto/interval10000_fkerncopy_rkernnone_fsize2048_rsize0/cntvcto_walks/w0000_ta9835,300,300,136.2,23.599506016583785,69.84401870272433,0.013600958657878968,10014.0,10150.2
c920bn3,assess.expr1.fsize.np64,20260520_184807,/astrum/home/hpchzy/code/data/20260520/c920bn3/outputAssessing/assess.expr1.fsize.np64/20260520_184807,True,cntvcto,10000,10.0,4096,none,copy,/astrum/home/hpchzy/code/data/20260520/c920bn3/outputAssessing/assess.expr1.fsize.np64/20260520_184807/cntvcto/interval10000_fkerncopy_rkernnone_fsize4096_rsize0/cntvcto_walks/w0000_ta9835;/astrum/home/hpchzy/code/data/20260520/c920bn3/outputAssessing/assess.expr1.fsize.np64/20260520_184807/cntvcto/interval10000_fkerncopy_rkernnone_fsize4096_rsize0/cntvcto_walks/w0002_ta10093;/astrum/home/hpchzy/code/data/20260520/c920bn3/outputAssessing/assess.expr1.fsize.np64/20260520_184807/cntvcto/interval10000_fkerncopy_rkernnone_fsize4096_rsize0/cntvcto_walks/w0001_ta10114,300,300,265.2,64.32645687724627,215.36811287801657,0.026482923906530856,10014.0,10279.2
c920bn3,assess.expr1.fsize.np64,20260520_184807,/astrum/home/hpchzy/code/data/20260520/c920bn3/outputAssessing/assess.expr1.fsize.np64/20260520_184807,True,cntvcto,10000,10.0,8192,none,copy,/astrum/home/hpchzy/code/data/20260520/c920bn3/outputAssessing/assess.expr1.fsize.np64/20260520_184807/cntvcto/interval10000_fkerncopy_rkernnone_fsize8192_rsize0/cntvcto_walks/w0001_ta10114;/astrum/home/hpchzy/code/data/20260520/c920bn3/outputAssessing/assess.expr1.fsize.np64/20260520_184807/cntvcto/interval10000_fkerncopy_rkernnone_fsize8192_rsize0/cntvcto_walks/w0000_ta9835;/astrum/home/hpchzy/code/data/20260520/c920bn3/outputAssessing/assess.expr1.fsize.np64/20260520_184807/cntvcto/interval10000_fkerncopy_rkernnone_fsize8192_rsize0/cntvcto_walks/w0002_ta10093,300,300,702.1666666666666,207.3307735616027,562.0867235845535,0.07011850076559482,10014.0,10716.166666666666
c920bn3,assess.expr1.fsize.np64,20260520_184807,/astrum/home/hpchzy/code/data/20260520/c920bn3/outputAssessing/assess.expr1.fsize.np64/20260520_184807,True,mpi_wtime,10000,10.0,16,none,copy,/astrum/home/hpchzy/code/data/20260520/c920bn3/outputAssessing/assess.expr1.fsize.np64/20260520_184807/mpi_wtime/interval10000_fkerncopy_rkernnone_fsize16_rsize0/mpi_wtime_walks/w0002_ta10093;/astrum/home/hpchzy/code/data/20260520/c920bn3/outputAssessing/assess.expr1.fsize.np64/20260520_184807/mpi_wtime/interval10000_fkerncopy_rkernnone_fsize16_rsize0/mpi_wtime_walks/w0000_ta9835;/astrum/home/hpchzy/code/data/20260520/c920bn3/outputAssessing/assess.expr1.fsize.np64/20260520_184807/mpi_wtime/interval10000_fkerncopy_rkernnone_fsize16_rsize0/mpi_wtime_walks/w0001_ta10114,300,300,129.53666666666666,14.705648860304802,14.848676255957894,0.012935556887024831,10014.0,10143.536666666667
c920bn3,assess.expr1.fsize.np64,20260520_184807,/astrum/home/hpchzy/code/data/20260520/c920bn3/outputAssessing/assess.expr1.fsize.np64/20260520_184807,True,mpi_wtime,10000,10.0,32,none,copy,/astrum/home/hpchzy/code/data/20260520/c920bn3/outputAssessing/assess.expr1.fsize.np64/20260520_184807/mpi_wtime/interval10000_fkerncopy_rkernnone_fsize32_rsize0/mpi_wtime_walks/w0001_ta10114;/astrum/home/hpchzy/code/data/20260520/c920bn3/outputAssessing/assess.expr1.fsize.np64/20260520_184807/mpi_wtime/interval10000_fkerncopy_rkernnone_fsize32_rsize0/mpi_wtime_walks/w0000_ta9835;/astrum/home/hpchzy/code/data/20260520/c920bn3/outputAssessing/assess.expr1.fsize.np64/20260520_184807/mpi_wtime/interval10000_fkerncopy_rkernnone_fsize32_rsize0/mpi_wtime_walks/w0002_ta10093,300,300,106.51333333333334,13.823795522490915,34.95034744232983,0.010636442314093603,10014.0,10120.513333333334
c920bn3,assess.expr1.fsize.np64,20260520_184807,/astrum/home/hpchzy/code/data/20260520/c920bn3/outputAssessing/assess.expr1.fsize.np64/20260520_184807,True,mpi_wtime,10000,10.0,64,none,copy,/astrum/home/hpchzy/code/data/20260520/c920bn3/outputAssessing/assess.expr1.fsize.np64/20260520_184807/mpi_wtime/interval10000_fkerncopy_rkernnone_fsize64_rsize0/mpi_wtime_walks/w0002_ta10093;/astrum/home/hpchzy/code/data/20260520/c920bn3/outputAssessing/assess.expr1.fsize.np64/20260520_184807/mpi_wtime/interval10000_fkerncopy_rkernnone_fsize64_rsize0/mpi_wtime_walks/w0000_ta9835;/astrum/home/hpchzy/code/data/20260520/c920bn3/outputAssessing/assess.expr1.fsize.np64/20260520_184807/mpi_wtime/interval10000_fkerncopy_rkernnone_fsize64_rsize0/mpi_wtime_walks/w0001_ta10114,300,300,104.44333333333333,17.44709686692025,18.22591503029156,0.010429731708940815,10014.0,10118.443333333333
c920bn3,assess.expr1.fsize.np64,20260520_184807,/astrum/home/hpchzy/code/data/20260520/c920bn3/outputAssessing/assess.expr1.fsize.np64/20260520_184807,True,mpi_wtime,10000,10.0,128,none,copy,/astrum/home/hpchzy/code/data/20260520/c920bn3/outputAssessing/assess.expr1.fsize.np64/20260520_184807/mpi_wtime/interval10000_fkerncopy_rkernnone_fsize128_rsize0/mpi_wtime_walks/w0001_ta10114;/astrum/home/hpchzy/code/data/20260520/c920bn3/outputAssessing/assess.expr1.fsize.np64/20260520_184807/mpi_wtime/interval10000_fkerncopy_rkernnone_fsize128_rsize0/mpi_wtime_walks/w0000_ta9835;/astrum/home/hpchzy/code/data/20260520/c920bn3/outputAssessing/assess.expr1.fsize.np64/20260520_184807/mpi_wtime/interval10000_fkerncopy_rkernnone_fsize128_rsize0/mpi_wtime_walks/w0002_ta10093,300,300,46.25666666666667,11.27247762351428,12.06018695548972,0.004619199786964916,10014.0,10060.256666666666
c920bn3,assess.expr1.fsize.np64,20260520_184807,/astrum/home/hpchzy/code/data/20260520/c920bn3/outputAssessing/assess.expr1.fsize.np64/20260520_184807,True,mpi_wtime,10000,10.0,256,none,copy,/astrum/home/hpchzy/code/data/20260520/c920bn3/outputAssessing/assess.expr1.fsize.np64/20260520_184807/mpi_wtime/interval10000_fkerncopy_rkernnone_fsize256_rsize0/mpi_wtime_walks/w0002_ta10093;/astrum/home/hpchzy/code/data/20260520/c920bn3/outputAssessing/assess.expr1.fsize.np64/20260520_184807/mpi_wtime/interval10000_fkerncopy_rkernnone_fsize256_rsize0/mpi_wtime_walks/w0000_ta9835;/astrum/home/hpchzy/code/data/20260520/c920bn3/outputAssessing/assess.expr1.fsize.np64/20260520_184807/mpi_wtime/interval10000_fkerncopy_rkernnone_fsize256_rsize0/mpi_wtime_walks/w0001_ta10114,300,300,92.90333333333334,12.625432955974913,29.52678768185258,0.009277345050262965,10014.0,10106.903333333334
c920bn3,assess.expr1.fsize.np64,20260520_184807,/astrum/home/hpchzy/code/data/20260520/c920bn3/outputAssessing/assess.expr1.fsize.np64/20260520_184807,True,mpi_wtime,10000,10.0,512,none,copy,/astrum/home/hpchzy/code/data/20260520/c920bn3/outputAssessing/assess.expr1.fsize.np64/20260520_184807/mpi_wtime/interval10000_fkerncopy_rkernnone_fsize512_rsize0/mpi_wtime_walks/w0000_ta9835;/astrum/home/hpchzy/code/data/20260520/c920bn3/outputAssessing/assess.expr1.fsize.np64/20260520_184807/mpi_wtime/interval10000_fkerncopy_rkernnone_fsize512_rsize0/mpi_wtime_walks/w0001_ta10114;/astrum/home/hpchzy/code/data/20260520/c920bn3/outputAssessing/assess.expr1.fsize.np64/20260520_184807/mpi_wtime/interval10000_fkerncopy_rkernnone_fsize512_rsize0/mpi_wtime_walks/w0002_ta10093,300,300,67.31666666666666,12.991493329520399,15.71385005076763,0.0067222555089541305,10014.0,10081.316666666668
c920bn3,assess.expr1.fsize.np64,20260520_184807,/astrum/home/hpchzy/code/data/20260520/c920bn3/outputAssessing/assess.expr1.fsize.np64/20260520_184807,True,mpi_wtime,10000,10.0,1024,none,copy,/astrum/home/hpchzy/code/data/20260520/c920bn3/outputAssessing/assess.expr1.fsize.np64/20260520_184807/mpi_wtime/interval10000_fkerncopy_rkernnone_fsize1024_rsize0/mpi_wtime_walks/w0000_ta9835;/astrum/home/hpchzy/code/data/20260520/c920bn3/outputAssessing/assess.expr1.fsize.np64/20260520_184807/mpi_wtime/interval10000_fkerncopy_rkernnone_fsize1024_rsize0/mpi_wtime_walks/w0002_ta10093;/astrum/home/hpchzy/code/data/20260520/c920bn3/outputAssessing/assess.expr1.fsize.np64/20260520_184807/mpi_wtime/interval10000_fkerncopy_rkernnone_fsize1024_rsize0/mpi_wtime_walks/w0001_ta10114,300,300,54.54666666666667,14.68825524588915,17.24422403916838,0.00544704080953332,10014.0,10068.546666666667
c920bn3,assess.expr1.fsize.np64,20260520_184807,/astrum/home/hpchzy/code/data/20260520/c920bn3/outputAssessing/assess.expr1.fsize.np64/20260520_184807,True,mpi_wtime,10000,10.0,2048,none,copy,/astrum/home/hpchzy/code/data/20260520/c920bn3/outputAssessing/assess.expr1.fsize.np64/20260520_184807/mpi_wtime/interval10000_fkerncopy_rkernnone_fsize2048_rsize0/mpi_wtime_walks/w0002_ta10093;/astrum/home/hpchzy/code/data/20260520/c920bn3/outputAssessing/assess.expr1.fsize.np64/20260520_184807/mpi_wtime/interval10000_fkerncopy_rkernnone_fsize2048_rsize0/mpi_wtime_walks/w0000_ta9835;/astrum/home/hpchzy/code/data/20260520/c920bn3/outputAssessing/assess.expr1.fsize.np64/20260520_184807/mpi_wtime/interval10000_fkerncopy_rkernnone_fsize2048_rsize0/mpi_wtime_walks/w0001_ta10114,300,300,187.59,35.82128423996255,184.0365851609014,0.018732774116237267,10014.0,10201.59
c920bn3,assess.expr1.fsize.np64,20260520_184807,/astrum/home/hpchzy/code/data/20260520/c920bn3/outputAssessing/assess.expr1.fsize.np64/20260520_184807,True,mpi_wtime,10000,10.0,4096,none,copy,/astrum/home/hpchzy/code/data/20260520/c920bn3/outputAssessing/assess.expr1.fsize.np64/20260520_184807/mpi_wtime/interval10000_fkerncopy_rkernnone_fsize4096_rsize0/mpi_wtime_walks/w0000_ta9835;/astrum/home/hpchzy/code/data/20260520/c920bn3/outputAssessing/assess.expr1.fsize.np64/20260520_184807/mpi_wtime/interval10000_fkerncopy_rkernnone_fsize4096_rsize0/mpi_wtime_walks/w0001_ta10114;/astrum/home/hpchzy/code/data/20260520/c920bn3/outputAssessing/assess.expr1.fsize.np64/20260520_184807/mpi_wtime/interval10000_fkerncopy_rkernnone_fsize4096_rsize0/mpi_wtime_walks/w0002_ta10093,300,300,315.6066666666667,84.6311242536005,191.82884072527503,0.03151654350575861,10014.0,10329.606666666667
c920bn3,assess.expr1.fsize.np64,20260520_184807,/astrum/home/hpchzy/code/data/20260520/c920bn3/outputAssessing/assess.expr1.fsize.np64/20260520_184807,True,mpi_wtime,10000,10.0,8192,none,copy,/astrum/home/hpchzy/code/data/20260520/c920bn3/outputAssessing/assess.expr1.fsize.np64/20260520_184807/mpi_wtime/interval10000_fkerncopy_rkernnone_fsize8192_rsize0/mpi_wtime_walks/w0001_ta10114;/astrum/home/hpchzy/code/data/20260520/c920bn3/outputAssessing/assess.expr1.fsize.np64/20260520_184807/mpi_wtime/interval10000_fkerncopy_rkernnone_fsize8192_rsize0/mpi_wtime_walks/w0000_ta9835;/astrum/home/hpchzy/code/data/20260520/c920bn3/outputAssessing/assess.expr1.fsize.np64/20260520_184807/mpi_wtime/interval10000_fkerncopy_rkernnone_fsize8192_rsize0/mpi_wtime_walks/w0002_ta10093,300,300,730.3566666666667,289.53004780324284,736.9223968356212,0.07293355968311031,10014.0,10744.356666666667
camd9554n2,assess.expr1.fsize.np128,20260520_194235,/astrum/home/hpchzy/code/data/20260520/camd9554n2/outputAssessing/assess.expr1.fsize.np128/20260520_194235,True,clock_gettime,10000,10.0,16,none,copy,/astrum/home/hpchzy/code/data/20260520/camd9554n2/outputAssessing/assess.expr1.fsize.np128/20260520_194235/clock_gettime/interval10000_fkerncopy_rkernnone_fsize16_rsize0/clock_gettime_walks/w0002_ta10170;/astrum/home/hpchzy/code/data/20260520/camd9554n2/outputAssessing/assess.expr1.fsize.np128/20260520_194235/clock_gettime/interval10000_fkerncopy_rkernnone_fsize16_rsize0/clock_gettime_walks/w0000_ta10230;/astrum/home/hpchzy/code/data/20260520/camd9554n2/outputAssessing/assess.expr1.fsize.np128/20260520_194235/clock_gettime/interval10000_fkerncopy_rkernnone_fsize16_rsize0/clock_gettime_walks/w0001_ta10053,300,300,1528.7366666666667,112.0194275464077,653.6750071510697,0.15059961251765014,10151.0,11679.736666666666
camd9554n2,assess.expr1.fsize.np128,20260520_194235,/astrum/home/hpchzy/code/data/20260520/camd9554n2/outputAssessing/assess.expr1.fsize.np128/20260520_194235,True,clock_gettime,10000,10.0,32,none,copy,/astrum/home/hpchzy/code/data/20260520/camd9554n2/outputAssessing/assess.expr1.fsize.np128/20260520_194235/clock_gettime/interval10000_fkerncopy_rkernnone_fsize32_rsize0/clock_gettime_walks/w0000_ta10230;/astrum/home/hpchzy/code/data/20260520/camd9554n2/outputAssessing/assess.expr1.fsize.np128/20260520_194235/clock_gettime/interval10000_fkerncopy_rkernnone_fsize32_rsize0/clock_gettime_walks/w0001_ta10053;/astrum/home/hpchzy/code/data/20260520/camd9554n2/outputAssessing/assess.expr1.fsize.np128/20260520_194235/clock_gettime/interval10000_fkerncopy_rkernnone_fsize32_rsize0/clock_gettime_walks/w0002_ta10170,300,300,191.76333333333332,91.91076126848748,124.88051536520169,0.01889107805470725,10151.0,10342.763333333334
camd9554n2,assess.expr1.fsize.np128,20260520_194235,/astrum/home/hpchzy/code/data/20260520/camd9554n2/outputAssessing/assess.expr1.fsize.np128/20260520_194235,True,clock_gettime,10000,10.0,64,none,copy,/astrum/home/hpchzy/code/data/20260520/camd9554n2/outputAssessing/assess.expr1.fsize.np128/20260520_194235/clock_gettime/interval10000_fkerncopy_rkernnone_fsize64_rsize0/clock_gettime_walks/w0001_ta10053;/astrum/home/hpchzy/code/data/20260520/camd9554n2/outputAssessing/assess.expr1.fsize.np128/20260520_194235/clock_gettime/interval10000_fkerncopy_rkernnone_fsize64_rsize0/clock_gettime_walks/w0000_ta10230;/astrum/home/hpchzy/code/data/20260520/camd9554n2/outputAssessing/assess.expr1.fsize.np128/20260520_194235/clock_gettime/interval10000_fkerncopy_rkernnone_fsize64_rsize0/clock_gettime_walks/w0002_ta10170,300,300,1705.1233333333332,113.6322487828996,178.5680000547675,0.1679758972843398,10151.0,11856.123333333333
camd9554n2,assess.expr1.fsize.np128,20260520_194235,/astrum/home/hpchzy/code/data/20260520/camd9554n2/outputAssessing/assess.expr1.fsize.np128/20260520_194235,True,clock_gettime,10000,10.0,128,none,copy,/astrum/home/hpchzy/code/data/20260520/camd9554n2/outputAssessing/assess.expr1.fsize.np128/20260520_194235/clock_gettime/interval10000_fkerncopy_rkernnone_fsize128_rsize0/clock_gettime_walks/w0001_ta10053;/astrum/home/hpchzy/code/data/20260520/camd9554n2/outputAssessing/assess.expr1.fsize.np128/20260520_194235/clock_gettime/interval10000_fkerncopy_rkernnone_fsize128_rsize0/clock_gettime_walks/w0000_ta10230;/astrum/home/hpchzy/code/data/20260520/camd9554n2/outputAssessing/assess.expr1.fsize.np128/20260520_194235/clock_gettime/interval10000_fkerncopy_rkernnone_fsize128_rsize0/clock_gettime_walks/w0002_ta10170,300,300,253.36666666666667,85.18986502386758,484.1887561066866,0.024959774078087544,10151.0,10404.366666666667
camd9554n2,assess.expr1.fsize.np128,20260520_194235,/astrum/home/hpchzy/code/data/20260520/camd9554n2/outputAssessing/assess.expr1.fsize.np128/20260520_194235,True,clock_gettime,10000,10.0,256,none,copy,/astrum/home/hpchzy/code/data/20260520/camd9554n2/outputAssessing/assess.expr1.fsize.np128/20260520_194235/clock_gettime/interval10000_fkerncopy_rkernnone_fsize256_rsize0/clock_gettime_walks/w0002_ta10170;/astrum/home/hpchzy/code/data/20260520/camd9554n2/outputAssessing/assess.expr1.fsize.np128/20260520_194235/clock_gettime/interval10000_fkerncopy_rkernnone_fsize256_rsize0/clock_gettime_walks/w0000_ta10230;/astrum/home/hpchzy/code/data/20260520/camd9554n2/outputAssessing/assess.expr1.fsize.np128/20260520_194235/clock_gettime/interval10000_fkerncopy_rkernnone_fsize256_rsize0/clock_gettime_walks/w0001_ta10053,300,300,135.74,59.107272715648875,121.77616212703938,0.013372081568318393,10151.0,10286.74
camd9554n2,assess.expr1.fsize.np128,20260520_194235,/astrum/home/hpchzy/code/data/20260520/camd9554n2/outputAssessing/assess.expr1.fsize.np128/20260520_194235,True,clock_gettime,10000,10.0,512,none,copy,/astrum/home/hpchzy/code/data/20260520/camd9554n2/outputAssessing/assess.expr1.fsize.np128/20260520_194235/clock_gettime/interval10000_fkerncopy_rkernnone_fsize512_rsize0/clock_gettime_walks/w0000_ta10230;/astrum/home/hpchzy/code/data/20260520/camd9554n2/outputAssessing/assess.expr1.fsize.np128/20260520_194235/clock_gettime/interval10000_fkerncopy_rkernnone_fsize512_rsize0/clock_gettime_walks/w0001_ta10053;/astrum/home/hpchzy/code/data/20260520/camd9554n2/outputAssessing/assess.expr1.fsize.np128/20260520_194235/clock_gettime/interval10000_fkerncopy_rkernnone_fsize512_rsize0/clock_gettime_walks/w0002_ta10170,300,300,109.89,50.44752250355133,121.37965500439452,0.010825534430105409,10151.0,10260.89
camd9554n2,assess.expr1.fsize.np128,20260520_194235,/astrum/home/hpchzy/code/data/20260520/camd9554n2/outputAssessing/assess.expr1.fsize.np128/20260520_194235,True,clock_gettime,10000,10.0,1024,none,copy,/astrum/home/hpchzy/code/data/20260520/camd9554n2/outputAssessing/assess.expr1.fsize.np128/20260520_194235/clock_gettime/interval10000_fkerncopy_rkernnone_fsize1024_rsize0/clock_gettime_walks/w0002_ta10170;/astrum/home/hpchzy/code/data/20260520/camd9554n2/outputAssessing/assess.expr1.fsize.np128/20260520_194235/clock_gettime/interval10000_fkerncopy_rkernnone_fsize1024_rsize0/clock_gettime_walks/w0001_ta10053;/astrum/home/hpchzy/code/data/20260520/camd9554n2/outputAssessing/assess.expr1.fsize.np128/20260520_194235/clock_gettime/interval10000_fkerncopy_rkernnone_fsize1024_rsize0/clock_gettime_walks/w0000_ta10230,300,300,231.49666666666667,57.013183166633105,253.2696597876497,0.022805306537943718,10151.0,10382.496666666666
camd9554n2,assess.expr1.fsize.np128,20260520_194235,/astrum/home/hpchzy/code/data/20260520/camd9554n2/outputAssessing/assess.expr1.fsize.np128/20260520_194235,True,clock_gettime,10000,10.0,2048,none,copy,/astrum/home/hpchzy/code/data/20260520/camd9554n2/outputAssessing/assess.expr1.fsize.np128/20260520_194235/clock_gettime/interval10000_fkerncopy_rkernnone_fsize2048_rsize0/clock_gettime_walks/w0002_ta10170;/astrum/home/hpchzy/code/data/20260520/camd9554n2/outputAssessing/assess.expr1.fsize.np128/20260520_194235/clock_gettime/interval10000_fkerncopy_rkernnone_fsize2048_rsize0/clock_gettime_walks/w0001_ta10053;/astrum/home/hpchzy/code/data/20260520/camd9554n2/outputAssessing/assess.expr1.fsize.np128/20260520_194235/clock_gettime/interval10000_fkerncopy_rkernnone_fsize2048_rsize0/clock_gettime_walks/w0000_ta10230,300,300,115.89666666666666,65.3194114938287,115.03483858523967,0.011417265950809443,10151.0,10266.896666666667
camd9554n2,assess.expr1.fsize.np128,20260520_194235,/astrum/home/hpchzy/code/data/20260520/camd9554n2/outputAssessing/assess.expr1.fsize.np128/20260520_194235,True,clock_gettime,10000,10.0,4096,none,copy,/astrum/home/hpchzy/code/data/20260520/camd9554n2/outputAssessing/assess.expr1.fsize.np128/20260520_194235/clock_gettime/interval10000_fkerncopy_rkernnone_fsize4096_rsize0/clock_gettime_walks/w0000_ta10230;/astrum/home/hpchzy/code/data/20260520/camd9554n2/outputAssessing/assess.expr1.fsize.np128/20260520_194235/clock_gettime/interval10000_fkerncopy_rkernnone_fsize4096_rsize0/clock_gettime_walks/w0001_ta10053;/astrum/home/hpchzy/code/data/20260520/camd9554n2/outputAssessing/assess.expr1.fsize.np128/20260520_194235/clock_gettime/interval10000_fkerncopy_rkernnone_fsize4096_rsize0/clock_gettime_walks/w0002_ta10170,300,300,94.69666666666667,54.72818619177352,89.02327840775655,0.009328801760089319,10151.0,10245.696666666667
camd9554n2,assess.expr1.fsize.np128,20260520_194235,/astrum/home/hpchzy/code/data/20260520/camd9554n2/outputAssessing/assess.expr1.fsize.np128/20260520_194235,True,clock_gettime,10000,10.0,8192,none,copy,/astrum/home/hpchzy/code/data/20260520/camd9554n2/outputAssessing/assess.expr1.fsize.np128/20260520_194235/clock_gettime/interval10000_fkerncopy_rkernnone_fsize8192_rsize0/clock_gettime_walks/w0001_ta10053;/astrum/home/hpchzy/code/data/20260520/camd9554n2/outputAssessing/assess.expr1.fsize.np128/20260520_194235/clock_gettime/interval10000_fkerncopy_rkernnone_fsize8192_rsize0/clock_gettime_walks/w0000_ta10230;/astrum/home/hpchzy/code/data/20260520/camd9554n2/outputAssessing/assess.expr1.fsize.np128/20260520_194235/clock_gettime/interval10000_fkerncopy_rkernnone_fsize8192_rsize0/clock_gettime_walks/w0002_ta10170,300,300,365.51666666666665,58.64775096835459,612.349810411064,0.036007946671920664,10151.0,10516.516666666666
camd9554n2,assess.expr1.fsize.np128,20260520_194235,/astrum/home/hpchzy/code/data/20260520/camd9554n2/outputAssessing/assess.expr1.fsize.np128/20260520_194235,True,mpi_wtime,10000,10.0,16,none,copy,/astrum/home/hpchzy/code/data/20260520/camd9554n2/outputAssessing/assess.expr1.fsize.np128/20260520_194235/mpi_wtime/interval10000_fkerncopy_rkernnone_fsize16_rsize0/mpi_wtime_walks/w0001_ta10053;/astrum/home/hpchzy/code/data/20260520/camd9554n2/outputAssessing/assess.expr1.fsize.np128/20260520_194235/mpi_wtime/interval10000_fkerncopy_rkernnone_fsize16_rsize0/mpi_wtime_walks/w0000_ta10230;/astrum/home/hpchzy/code/data/20260520/camd9554n2/outputAssessing/assess.expr1.fsize.np128/20260520_194235/mpi_wtime/interval10000_fkerncopy_rkernnone_fsize16_rsize0/mpi_wtime_walks/w0002_ta10170,300,300,1489.9233333333334,82.57449846719108,516.2897598758443,0.146776015499294,10151.0,11640.923333333334
camd9554n2,assess.expr1.fsize.np128,20260520_194235,/astrum/home/hpchzy/code/data/20260520/camd9554n2/outputAssessing/assess.expr1.fsize.np128/20260520_194235,True,mpi_wtime,10000,10.0,32,none,copy,/astrum/home/hpchzy/code/data/20260520/camd9554n2/outputAssessing/assess.expr1.fsize.np128/20260520_194235/mpi_wtime/interval10000_fkerncopy_rkernnone_fsize32_rsize0/mpi_wtime_walks/w0002_ta10170;/astrum/home/hpchzy/code/data/20260520/camd9554n2/outputAssessing/assess.expr1.fsize.np128/20260520_194235/mpi_wtime/interval10000_fkerncopy_rkernnone_fsize32_rsize0/mpi_wtime_walks/w0001_ta10053;/astrum/home/hpchzy/code/data/20260520/camd9554n2/outputAssessing/assess.expr1.fsize.np128/20260520_194235/mpi_wtime/interval10000_fkerncopy_rkernnone_fsize32_rsize0/mpi_wtime_walks/w0000_ta10230,300,300,493.9533333333333,79.53857701718051,752.6449494394791,0.04866055889403343,10151.0,10644.953333333333
camd9554n2,assess.expr1.fsize.np128,20260520_194235,/astrum/home/hpchzy/code/data/20260520/camd9554n2/outputAssessing/assess.expr1.fsize.np128/20260520_194235,True,mpi_wtime,10000,10.0,64,none,copy,/astrum/home/hpchzy/code/data/20260520/camd9554n2/outputAssessing/assess.expr1.fsize.np128/20260520_194235/mpi_wtime/interval10000_fkerncopy_rkernnone_fsize64_rsize0/mpi_wtime_walks/w0001_ta10053;/astrum/home/hpchzy/code/data/20260520/camd9554n2/outputAssessing/assess.expr1.fsize.np128/20260520_194235/mpi_wtime/interval10000_fkerncopy_rkernnone_fsize64_rsize0/mpi_wtime_walks/w0000_ta10230;/astrum/home/hpchzy/code/data/20260520/camd9554n2/outputAssessing/assess.expr1.fsize.np128/20260520_194235/mpi_wtime/interval10000_fkerncopy_rkernnone_fsize64_rsize0/mpi_wtime_walks/w0002_ta10170,300,300,297.93666666666667,55.403238209370606,402.02449252701894,0.02935047450169113,10151.0,10448.936666666666
camd9554n2,assess.expr1.fsize.np128,20260520_194235,/astrum/home/hpchzy/code/data/20260520/camd9554n2/outputAssessing/assess.expr1.fsize.np128/20260520_194235,True,mpi_wtime,10000,10.0,128,none,copy,/astrum/home/hpchzy/code/data/20260520/camd9554n2/outputAssessing/assess.expr1.fsize.np128/20260520_194235/mpi_wtime/interval10000_fkerncopy_rkernnone_fsize128_rsize0/mpi_wtime_walks/w0002_ta10170;/astrum/home/hpchzy/code/data/20260520/camd9554n2/outputAssessing/assess.expr1.fsize.np128/20260520_194235/mpi_wtime/interval10000_fkerncopy_rkernnone_fsize128_rsize0/mpi_wtime_walks/w0001_ta10053;/astrum/home/hpchzy/code/data/20260520/camd9554n2/outputAssessing/assess.expr1.fsize.np128/20260520_194235/mpi_wtime/interval10000_fkerncopy_rkernnone_fsize128_rsize0/mpi_wtime_walks/w0000_ta10230,300,300,1824.93,48.41052111537273,392.19615095321325,0.17977834696089057,10151.0,11975.93
camd9554n2,assess.expr1.fsize.np128,20260520_194235,/astrum/home/hpchzy/code/data/20260520/camd9554n2/outputAssessing/assess.expr1.fsize.np128/20260520_194235,True,mpi_wtime,10000,10.0,256,none,copy,/astrum/home/hpchzy/code/data/20260520/camd9554n2/outputAssessing/assess.expr1.fsize.np128/20260520_194235/mpi_wtime/interval10000_fkerncopy_rkernnone_fsize256_rsize0/mpi_wtime_walks/w0000_ta10230;/astrum/home/hpchzy/code/data/20260520/camd9554n2/outputAssessing/assess.expr1.fsize.np128/20260520_194235/mpi_wtime/interval10000_fkerncopy_rkernnone_fsize256_rsize0/mpi_wtime_walks/w0001_ta10053;/astrum/home/hpchzy/code/data/20260520/camd9554n2/outputAssessing/assess.expr1.fsize.np128/20260520_194235/mpi_wtime/interval10000_fkerncopy_rkernnone_fsize256_rsize0/mpi_wtime_walks/w0002_ta10170,300,300,1572.6966666666667,41.605826444438996,749.7009468582462,0.15493022033953963,10151.0,11723.696666666667
camd9554n2,assess.expr1.fsize.np128,20260520_194235,/astrum/home/hpchzy/code/data/20260520/camd9554n2/outputAssessing/assess.expr1.fsize.np128/20260520_194235,True,mpi_wtime,10000,10.0,512,none,copy,/astrum/home/hpchzy/code/data/20260520/camd9554n2/outputAssessing/assess.expr1.fsize.np128/20260520_194235/mpi_wtime/interval10000_fkerncopy_rkernnone_fsize512_rsize0/mpi_wtime_walks/w0002_ta10170;/astrum/home/hpchzy/code/data/20260520/camd9554n2/outputAssessing/assess.expr1.fsize.np128/20260520_194235/mpi_wtime/interval10000_fkerncopy_rkernnone_fsize512_rsize0/mpi_wtime_walks/w0000_ta10230;/astrum/home/hpchzy/code/data/20260520/camd9554n2/outputAssessing/assess.expr1.fsize.np128/20260520_194235/mpi_wtime/interval10000_fkerncopy_rkernnone_fsize512_rsize0/mpi_wtime_walks/w0001_ta10053,300,300,231.44666666666666,29.37385332822832,242.79944529721416,0.022800380914852394,10151.0,10382.446666666667
camd9554n2,assess.expr1.fsize.np128,20260520_194235,/astrum/home/hpchzy/code/data/20260520/camd9554n2/outputAssessing/assess.expr1.fsize.np128/20260520_194235,True,mpi_wtime,10000,10.0,1024,none,copy,/astrum/home/hpchzy/code/data/20260520/camd9554n2/outputAssessing/assess.expr1.fsize.np128/20260520_194235/mpi_wtime/interval10000_fkerncopy_rkernnone_fsize1024_rsize0/mpi_wtime_walks/w0000_ta10230;/astrum/home/hpchzy/code/data/20260520/camd9554n2/outputAssessing/assess.expr1.fsize.np128/20260520_194235/mpi_wtime/interval10000_fkerncopy_rkernnone_fsize1024_rsize0/mpi_wtime_walks/w0001_ta10053;/astrum/home/hpchzy/code/data/20260520/camd9554n2/outputAssessing/assess.expr1.fsize.np128/20260520_194235/mpi_wtime/interval10000_fkerncopy_rkernnone_fsize1024_rsize0/mpi_wtime_walks/w0002_ta10170,300,300,4179.983333333334,84.59989753317552,897.777134851176,0.41178044856007623,10151.0,14330.983333333334
camd9554n2,assess.expr1.fsize.np128,20260520_194235,/astrum/home/hpchzy/code/data/20260520/camd9554n2/outputAssessing/assess.expr1.fsize.np128/20260520_194235,True,mpi_wtime,10000,10.0,2048,none,copy,/astrum/home/hpchzy/code/data/20260520/camd9554n2/outputAssessing/assess.expr1.fsize.np128/20260520_194235/mpi_wtime/interval10000_fkerncopy_rkernnone_fsize2048_rsize0/mpi_wtime_walks/w0002_ta10170;/astrum/home/hpchzy/code/data/20260520/camd9554n2/outputAssessing/assess.expr1.fsize.np128/20260520_194235/mpi_wtime/interval10000_fkerncopy_rkernnone_fsize2048_rsize0/mpi_wtime_walks/w0001_ta10053;/astrum/home/hpchzy/code/data/20260520/camd9554n2/outputAssessing/assess.expr1.fsize.np128/20260520_194235/mpi_wtime/interval10000_fkerncopy_rkernnone_fsize2048_rsize0/mpi_wtime_walks/w0000_ta10230,300,300,355.6933333333333,53.58282139488654,872.4450230783863,0.03504022592191246,10151.0,10506.693333333333
camd9554n2,assess.expr1.fsize.np128,20260520_194235,/astrum/home/hpchzy/code/data/20260520/camd9554n2/outputAssessing/assess.expr1.fsize.np128/20260520_194235,True,mpi_wtime,10000,10.0,4096,none,copy,/astrum/home/hpchzy/code/data/20260520/camd9554n2/outputAssessing/assess.expr1.fsize.np128/20260520_194235/mpi_wtime/interval10000_fkerncopy_rkernnone_fsize4096_rsize0/mpi_wtime_walks/w0002_ta10170;/astrum/home/hpchzy/code/data/20260520/camd9554n2/outputAssessing/assess.expr1.fsize.np128/20260520_194235/mpi_wtime/interval10000_fkerncopy_rkernnone_fsize4096_rsize0/mpi_wtime_walks/w0001_ta10053;/astrum/home/hpchzy/code/data/20260520/camd9554n2/outputAssessing/assess.expr1.fsize.np128/20260520_194235/mpi_wtime/interval10000_fkerncopy_rkernnone_fsize4096_rsize0/mpi_wtime_walks/w0000_ta10230,300,300,305.60333333333335,67.27076880164722,389.8027852413821,0.030105736709027026,10151.0,10456.603333333333
camd9554n2,assess.expr1.fsize.np128,20260520_194235,/astrum/home/hpchzy/code/data/20260520/camd9554n2/outputAssessing/assess.expr1.fsize.np128/20260520_194235,True,mpi_wtime,10000,10.0,8192,none,copy,/astrum/home/hpchzy/code/data/20260520/camd9554n2/outputAssessing/assess.expr1.fsize.np128/20260520_194235/mpi_wtime/interval10000_fkerncopy_rkernnone_fsize8192_rsize0/mpi_wtime_walks/w0002_ta10170;/astrum/home/hpchzy/code/data/20260520/camd9554n2/outputAssessing/assess.expr1.fsize.np128/20260520_194235/mpi_wtime/interval10000_fkerncopy_rkernnone_fsize8192_rsize0/mpi_wtime_walks/w0001_ta10053;/astrum/home/hpchzy/code/data/20260520/camd9554n2/outputAssessing/assess.expr1.fsize.np128/20260520_194235/mpi_wtime/interval10000_fkerncopy_rkernnone_fsize8192_rsize0/mpi_wtime_walks/w0000_ta10230,300,300,585.7766666666666,281.9944346987843,726.7825660927055,0.057706301513808164,10151.0,10736.776666666667
camd9554n2,assess.expr1.fsize.np128,20260520_190124,/astrum/home/hpchzy/code/data/20260520/camd9554n2/outputAssessing/assess.expr1.fsize.np128/20260520_190124,False,tsc,10000,10.0,16,none,copy,/astrum/home/hpchzy/code/data/20260520/camd9554n2/outputAssessing/assess.expr1.fsize.np128/20260520_190124/tsc/interval10000_fkerncopy_rkernnone_fsize16_rsize0/tsc_walks/w0001_ta10053;/astrum/home/hpchzy/code/data/20260520/camd9554n2/outputAssessing/assess.expr1.fsize.np128/20260520_190124/tsc/interval10000_fkerncopy_rkernnone_fsize16_rsize0/tsc_walks/w0000_ta10230;/astrum/home/hpchzy/code/data/20260520/camd9554n2/outputAssessing/assess.expr1.fsize.np128/20260520_190124/tsc/interval10000_fkerncopy_rkernnone_fsize16_rsize0/tsc_walks/w0002_ta10170,300,300,1817.4166666666667,112.01478910997318,461.30227164422865,0.17903818999770138,10151.0,11968.323333333334
camd9554n2,assess.expr1.fsize.np128,20260520_190124,/astrum/home/hpchzy/code/data/20260520/camd9554n2/outputAssessing/assess.expr1.fsize.np128/20260520_190124,False,tsc,10000,10.0,32,none,copy,/astrum/home/hpchzy/code/data/20260520/camd9554n2/outputAssessing/assess.expr1.fsize.np128/20260520_190124/tsc/interval10000_fkerncopy_rkernnone_fsize32_rsize0/tsc_walks/w0000_ta10230;/astrum/home/hpchzy/code/data/20260520/camd9554n2/outputAssessing/assess.expr1.fsize.np128/20260520_190124/tsc/interval10000_fkerncopy_rkernnone_fsize32_rsize0/tsc_walks/w0001_ta10053;/astrum/home/hpchzy/code/data/20260520/camd9554n2/outputAssessing/assess.expr1.fsize.np128/20260520_190124/tsc/interval10000_fkerncopy_rkernnone_fsize32_rsize0/tsc_walks/w0002_ta10170,300,300,733.5,107.55482530298728,686.3457748560339,0.07225889074967984,10151.0,10884.386666666667
camd9554n2,assess.expr1.fsize.np128,20260520_190124,/astrum/home/hpchzy/code/data/20260520/camd9554n2/outputAssessing/assess.expr1.fsize.np128/20260520_190124,False,tsc,10000,10.0,64,none,copy,/astrum/home/hpchzy/code/data/20260520/camd9554n2/outputAssessing/assess.expr1.fsize.np128/20260520_190124/tsc/interval10000_fkerncopy_rkernnone_fsize64_rsize0/tsc_walks/w0002_ta10170;/astrum/home/hpchzy/code/data/20260520/camd9554n2/outputAssessing/assess.expr1.fsize.np128/20260520_190124/tsc/interval10000_fkerncopy_rkernnone_fsize64_rsize0/tsc_walks/w0001_ta10053;/astrum/home/hpchzy/code/data/20260520/camd9554n2/outputAssessing/assess.expr1.fsize.np128/20260520_190124/tsc/interval10000_fkerncopy_rkernnone_fsize64_rsize0/tsc_walks/w0000_ta10230,300,300,357.1666666666667,94.35740189585428,152.19472222743119,0.03518536761567005,10151.0,10507.933333333332
camd9554n2,assess.expr1.fsize.np128,20260520_190124,/astrum/home/hpchzy/code/data/20260520/camd9554n2/outputAssessing/assess.expr1.fsize.np128/20260520_190124,False,tsc,10000,10.0,128,none,copy,/astrum/home/hpchzy/code/data/20260520/camd9554n2/outputAssessing/assess.expr1.fsize.np128/20260520_190124/tsc/interval10000_fkerncopy_rkernnone_fsize128_rsize0/tsc_walks/w0002_ta10170;/astrum/home/hpchzy/code/data/20260520/camd9554n2/outputAssessing/assess.expr1.fsize.np128/20260520_190124/tsc/interval10000_fkerncopy_rkernnone_fsize128_rsize0/tsc_walks/w0000_ta10230;/astrum/home/hpchzy/code/data/20260520/camd9554n2/outputAssessing/assess.expr1.fsize.np128/20260520_190124/tsc/interval10000_fkerncopy_rkernnone_fsize128_rsize0/tsc_walks/w0001_ta10053,300,300,2246.1,84.73080687097246,292.8167596677847,0.2212688405083243,10151.0,12396.893333333333
camd9554n2,assess.expr1.fsize.np128,20260520_190124,/astrum/home/hpchzy/code/data/20260520/camd9554n2/outputAssessing/assess.expr1.fsize.np128/20260520_190124,False,tsc,10000,10.0,256,none,copy,/astrum/home/hpchzy/code/data/20260520/camd9554n2/outputAssessing/assess.expr1.fsize.np128/20260520_190124/tsc/interval10000_fkerncopy_rkernnone_fsize256_rsize0/tsc_walks/w0001_ta10053;/astrum/home/hpchzy/code/data/20260520/camd9554n2/outputAssessing/assess.expr1.fsize.np128/20260520_190124/tsc/interval10000_fkerncopy_rkernnone_fsize256_rsize0/tsc_walks/w0000_ta10230;/astrum/home/hpchzy/code/data/20260520/camd9554n2/outputAssessing/assess.expr1.fsize.np128/20260520_190124/tsc/interval10000_fkerncopy_rkernnone_fsize256_rsize0/tsc_walks/w0002_ta10170,300,300,196.80666666666667,111.71951811057068,346.04056331085764,0.019387909237185173,10151.0,10347.233333333334
camd9554n2,assess.expr1.fsize.np128,20260520_190124,/astrum/home/hpchzy/code/data/20260520/camd9554n2/outputAssessing/assess.expr1.fsize.np128/20260520_190124,False,tsc,10000,10.0,512,none,copy,/astrum/home/hpchzy/code/data/20260520/camd9554n2/outputAssessing/assess.expr1.fsize.np128/20260520_190124/tsc/interval10000_fkerncopy_rkernnone_fsize512_rsize0/tsc_walks/w0002_ta10170;/astrum/home/hpchzy/code/data/20260520/camd9554n2/outputAssessing/assess.expr1.fsize.np128/20260520_190124/tsc/interval10000_fkerncopy_rkernnone_fsize512_rsize0/tsc_walks/w0000_ta10230;/astrum/home/hpchzy/code/data/20260520/camd9554n2/outputAssessing/assess.expr1.fsize.np128/20260520_190124/tsc/interval10000_fkerncopy_rkernnone_fsize512_rsize0/tsc_walks/w0001_ta10053,300,300,142.33,69.40604223267711,207.4962086677817,0.014021278691754508,10151.0,10293.09
camd9554n2,assess.expr1.fsize.np128,20260520_190124,/astrum/home/hpchzy/code/data/20260520/camd9554n2/outputAssessing/assess.expr1.fsize.np128/20260520_190124,False,tsc,10000,10.0,1024,none,copy,/astrum/home/hpchzy/code/data/20260520/camd9554n2/outputAssessing/assess.expr1.fsize.np128/20260520_190124/tsc/interval10000_fkerncopy_rkernnone_fsize1024_rsize0/tsc_walks/w0002_ta10170;/astrum/home/hpchzy/code/data/20260520/camd9554n2/outputAssessing/assess.expr1.fsize.np128/20260520_190124/tsc/interval10000_fkerncopy_rkernnone_fsize1024_rsize0/tsc_walks/w0000_ta10230;/astrum/home/hpchzy/code/data/20260520/camd9554n2/outputAssessing/assess.expr1.fsize.np128/20260520_190124/tsc/interval10000_fkerncopy_rkernnone_fsize1024_rsize0/tsc_walks/w0001_ta10053,300,300,393.24666666666667,66.70278216582753,414.1581188681987,0.03873969723836732,10151.0,10544.16
camd9554n2,assess.expr1.fsize.np128,20260520_190124,/astrum/home/hpchzy/code/data/20260520/camd9554n2/outputAssessing/assess.expr1.fsize.np128/20260520_190124,False,tsc,10000,10.0,2048,none,copy,/astrum/home/hpchzy/code/data/20260520/camd9554n2/outputAssessing/assess.expr1.fsize.np128/20260520_190124/tsc/interval10000_fkerncopy_rkernnone_fsize2048_rsize0/tsc_walks/w0002_ta10170;/astrum/home/hpchzy/code/data/20260520/camd9554n2/outputAssessing/assess.expr1.fsize.np128/20260520_190124/tsc/interval10000_fkerncopy_rkernnone_fsize2048_rsize0/tsc_walks/w0001_ta10053;/astrum/home/hpchzy/code/data/20260520/camd9554n2/outputAssessing/assess.expr1.fsize.np128/20260520_190124/tsc/interval10000_fkerncopy_rkernnone_fsize2048_rsize0/tsc_walks/w0000_ta10230,300,300,409.23333333333335,82.18665190342817,1273.5740081443319,0.04031458312809904,10151.0,10560.106666666667
camd9554n2,assess.expr1.fsize.np128,20260520_190124,/astrum/home/hpchzy/code/data/20260520/camd9554n2/outputAssessing/assess.expr1.fsize.np128/20260520_190124,False,tsc,10000,10.0,4096,none,copy,/astrum/home/hpchzy/code/data/20260520/camd9554n2/outputAssessing/assess.expr1.fsize.np128/20260520_190124/tsc/interval10000_fkerncopy_rkernnone_fsize4096_rsize0/tsc_walks/w0002_ta10170;/astrum/home/hpchzy/code/data/20260520/camd9554n2/outputAssessing/assess.expr1.fsize.np128/20260520_190124/tsc/interval10000_fkerncopy_rkernnone_fsize4096_rsize0/tsc_walks/w0000_ta10230;/astrum/home/hpchzy/code/data/20260520/camd9554n2/outputAssessing/assess.expr1.fsize.np128/20260520_190124/tsc/interval10000_fkerncopy_rkernnone_fsize4096_rsize0/tsc_walks/w0001_ta10053,300,300,1130.6266666666668,90.32396362942418,1294.3879651283783,0.11138081633993369,10151.0,11281.54
camd9554n2,assess.expr1.fsize.np128,20260520_190124,/astrum/home/hpchzy/code/data/20260520/camd9554n2/outputAssessing/assess.expr1.fsize.np128/20260520_190124,False,tsc,10000,10.0,8192,none,copy,/astrum/home/hpchzy/code/data/20260520/camd9554n2/outputAssessing/assess.expr1.fsize.np128/20260520_190124/tsc/interval10000_fkerncopy_rkernnone_fsize8192_rsize0/tsc_walks/w0002_ta10170;/astrum/home/hpchzy/code/data/20260520/camd9554n2/outputAssessing/assess.expr1.fsize.np128/20260520_190124/tsc/interval10000_fkerncopy_rkernnone_fsize8192_rsize0/tsc_walks/w0000_ta10230;/astrum/home/hpchzy/code/data/20260520/camd9554n2/outputAssessing/assess.expr1.fsize.np128/20260520_190124/tsc/interval10000_fkerncopy_rkernnone_fsize8192_rsize0/tsc_walks/w0001_ta10053,300,300,441.69,248.39372080328897,886.506256479495,0.04351196926411191,10151.0,10592.376666666667
camd9554n2,assess.expr1.fsize.np64,20260520_185304,/astrum/home/hpchzy/code/data/20260520/camd9554n2/outputAssessing/assess.expr1.fsize.np64/20260520_185304,True,clock_gettime,10000,10.0,16,none,copy,/astrum/home/hpchzy/code/data/20260520/camd9554n2/outputAssessing/assess.expr1.fsize.np64/20260520_185304/clock_gettime/interval10000_fkerncopy_rkernnone_fsize16_rsize0/clock_gettime_walks/w0001_ta10114;/astrum/home/hpchzy/code/data/20260520/camd9554n2/outputAssessing/assess.expr1.fsize.np64/20260520_185304/clock_gettime/interval10000_fkerncopy_rkernnone_fsize16_rsize0/clock_gettime_walks/w0000_ta9835;/astrum/home/hpchzy/code/data/20260520/camd9554n2/outputAssessing/assess.expr1.fsize.np64/20260520_185304/clock_gettime/interval10000_fkerncopy_rkernnone_fsize16_rsize0/clock_gettime_walks/w0002_ta10093,300,300,273.3233333333333,33.71821736876469,171.98994882450822,0.02729412156314493,10014.0,10287.323333333334
camd9554n2,assess.expr1.fsize.np64,20260520_185304,/astrum/home/hpchzy/code/data/20260520/camd9554n2/outputAssessing/assess.expr1.fsize.np64/20260520_185304,True,clock_gettime,10000,10.0,32,none,copy,/astrum/home/hpchzy/code/data/20260520/camd9554n2/outputAssessing/assess.expr1.fsize.np64/20260520_185304/clock_gettime/interval10000_fkerncopy_rkernnone_fsize32_rsize0/clock_gettime_walks/w0002_ta10093;/astrum/home/hpchzy/code/data/20260520/camd9554n2/outputAssessing/assess.expr1.fsize.np64/20260520_185304/clock_gettime/interval10000_fkerncopy_rkernnone_fsize32_rsize0/clock_gettime_walks/w0001_ta10114;/astrum/home/hpchzy/code/data/20260520/camd9554n2/outputAssessing/assess.expr1.fsize.np64/20260520_185304/clock_gettime/interval10000_fkerncopy_rkernnone_fsize32_rsize0/clock_gettime_walks/w0000_ta9835,300,300,1689.7033333333334,32.566701436019926,1233.961171131513,0.1687341055855136,10014.0,11703.703333333333
camd9554n2,assess.expr1.fsize.np64,20260520_185304,/astrum/home/hpchzy/code/data/20260520/camd9554n2/outputAssessing/assess.expr1.fsize.np64/20260520_185304,True,clock_gettime,10000,10.0,64,none,copy,/astrum/home/hpchzy/code/data/20260520/camd9554n2/outputAssessing/assess.expr1.fsize.np64/20260520_185304/clock_gettime/interval10000_fkerncopy_rkernnone_fsize64_rsize0/clock_gettime_walks/w0002_ta10093;/astrum/home/hpchzy/code/data/20260520/camd9554n2/outputAssessing/assess.expr1.fsize.np64/20260520_185304/clock_gettime/interval10000_fkerncopy_rkernnone_fsize64_rsize0/clock_gettime_walks/w0000_ta9835;/astrum/home/hpchzy/code/data/20260520/camd9554n2/outputAssessing/assess.expr1.fsize.np64/20260520_185304/clock_gettime/interval10000_fkerncopy_rkernnone_fsize64_rsize0/clock_gettime_walks/w0001_ta10114,300,300,295.28,29.89804748005212,145.44266205462176,0.029486718593968442,10014.0,10309.28
camd9554n2,assess.expr1.fsize.np64,20260520_185304,/astrum/home/hpchzy/code/data/20260520/camd9554n2/outputAssessing/assess.expr1.fsize.np64/20260520_185304,True,clock_gettime,10000,10.0,128,none,copy,/astrum/home/hpchzy/code/data/20260520/camd9554n2/outputAssessing/assess.expr1.fsize.np64/20260520_185304/clock_gettime/interval10000_fkerncopy_rkernnone_fsize128_rsize0/clock_gettime_walks/w0000_ta9835;/astrum/home/hpchzy/code/data/20260520/camd9554n2/outputAssessing/assess.expr1.fsize.np64/20260520_185304/clock_gettime/interval10000_fkerncopy_rkernnone_fsize128_rsize0/clock_gettime_walks/w0002_ta10093;/astrum/home/hpchzy/code/data/20260520/camd9554n2/outputAssessing/assess.expr1.fsize.np64/20260520_185304/clock_gettime/interval10000_fkerncopy_rkernnone_fsize128_rsize0/clock_gettime_walks/w0001_ta10114,300,300,629.4766666666667,24.322598264900883,584.0732677593649,0.06285966313827308,10014.0,10643.476666666667
camd9554n2,assess.expr1.fsize.np64,20260520_185304,/astrum/home/hpchzy/code/data/20260520/camd9554n2/outputAssessing/assess.expr1.fsize.np64/20260520_185304,True,clock_gettime,10000,10.0,256,none,copy,/astrum/home/hpchzy/code/data/20260520/camd9554n2/outputAssessing/assess.expr1.fsize.np64/20260520_185304/clock_gettime/interval10000_fkerncopy_rkernnone_fsize256_rsize0/clock_gettime_walks/w0000_ta9835;/astrum/home/hpchzy/code/data/20260520/camd9554n2/outputAssessing/assess.expr1.fsize.np64/20260520_185304/clock_gettime/interval10000_fkerncopy_rkernnone_fsize256_rsize0/clock_gettime_walks/w0001_ta10114;/astrum/home/hpchzy/code/data/20260520/camd9554n2/outputAssessing/assess.expr1.fsize.np64/20260520_185304/clock_gettime/interval10000_fkerncopy_rkernnone_fsize256_rsize0/clock_gettime_walks/w0002_ta10093,300,300,509.43333333333334,21.68791852929522,401.90496098815373,0.050872112376006924,10014.0,10523.433333333332
camd9554n2,assess.expr1.fsize.np64,20260520_185304,/astrum/home/hpchzy/code/data/20260520/camd9554n2/outputAssessing/assess.expr1.fsize.np64/20260520_185304,True,clock_gettime,10000,10.0,512,none,copy,/astrum/home/hpchzy/code/data/20260520/camd9554n2/outputAssessing/assess.expr1.fsize.np64/20260520_185304/clock_gettime/interval10000_fkerncopy_rkernnone_fsize512_rsize0/clock_gettime_walks/w0001_ta10114;/astrum/home/hpchzy/code/data/20260520/camd9554n2/outputAssessing/assess.expr1.fsize.np64/20260520_185304/clock_gettime/interval10000_fkerncopy_rkernnone_fsize512_rsize0/clock_gettime_walks/w0000_ta9835;/astrum/home/hpchzy/code/data/20260520/camd9554n2/outputAssessing/assess.expr1.fsize.np64/20260520_185304/clock_gettime/interval10000_fkerncopy_rkernnone_fsize512_rsize0/clock_gettime_walks/w0002_ta10093,300,300,242.65666666666667,20.500744760115722,188.53266018329217,0.0242317422275481,10014.0,10256.656666666666
camd9554n2,assess.expr1.fsize.np64,20260520_185304,/astrum/home/hpchzy/code/data/20260520/camd9554n2/outputAssessing/assess.expr1.fsize.np64/20260520_185304,True,clock_gettime,10000,10.0,1024,none,copy,/astrum/home/hpchzy/code/data/20260520/camd9554n2/outputAssessing/assess.expr1.fsize.np64/20260520_185304/clock_gettime/interval10000_fkerncopy_rkernnone_fsize1024_rsize0/clock_gettime_walks/w0001_ta10114;/astrum/home/hpchzy/code/data/20260520/camd9554n2/outputAssessing/assess.expr1.fsize.np64/20260520_185304/clock_gettime/interval10000_fkerncopy_rkernnone_fsize1024_rsize0/clock_gettime_walks/w0000_ta9835;/astrum/home/hpchzy/code/data/20260520/camd9554n2/outputAssessing/assess.expr1.fsize.np64/20260520_185304/clock_gettime/interval10000_fkerncopy_rkernnone_fsize1024_rsize0/clock_gettime_walks/w0002_ta10093,300,300,76.09666666666666,24.29636219029433,25.36953100997621,0.007599028027428267,10014.0,10090.096666666666
camd9554n2,assess.expr1.fsize.np64,20260520_185304,/astrum/home/hpchzy/code/data/20260520/camd9554n2/outputAssessing/assess.expr1.fsize.np64/20260520_185304,True,clock_gettime,10000,10.0,2048,none,copy,/astrum/home/hpchzy/code/data/20260520/camd9554n2/outputAssessing/assess.expr1.fsize.np64/20260520_185304/clock_gettime/interval10000_fkerncopy_rkernnone_fsize2048_rsize0/clock_gettime_walks/w0002_ta10093;/astrum/home/hpchzy/code/data/20260520/camd9554n2/outputAssessing/assess.expr1.fsize.np64/20260520_185304/clock_gettime/interval10000_fkerncopy_rkernnone_fsize2048_rsize0/clock_gettime_walks/w0001_ta10114;/astrum/home/hpchzy/code/data/20260520/camd9554n2/outputAssessing/assess.expr1.fsize.np64/20260520_185304/clock_gettime/interval10000_fkerncopy_rkernnone_fsize2048_rsize0/clock_gettime_walks/w0000_ta9835,300,300,122.44,23.213334938429213,64.58251120390317,0.012226882364689435,10014.0,10136.44
camd9554n2,assess.expr1.fsize.np64,20260520_185304,/astrum/home/hpchzy/code/data/20260520/camd9554n2/outputAssessing/assess.expr1.fsize.np64/20260520_185304,True,clock_gettime,10000,10.0,4096,none,copy,/astrum/home/hpchzy/code/data/20260520/camd9554n2/outputAssessing/assess.expr1.fsize.np64/20260520_185304/clock_gettime/interval10000_fkerncopy_rkernnone_fsize4096_rsize0/clock_gettime_walks/w0002_ta10093;/astrum/home/hpchzy/code/data/20260520/camd9554n2/outputAssessing/assess.expr1.fsize.np64/20260520_185304/clock_gettime/interval10000_fkerncopy_rkernnone_fsize4096_rsize0/clock_gettime_walks/w0000_ta9835;/astrum/home/hpchzy/code/data/20260520/camd9554n2/outputAssessing/assess.expr1.fsize.np64/20260520_185304/clock_gettime/interval10000_fkerncopy_rkernnone_fsize4096_rsize0/clock_gettime_walks/w0001_ta10114,300,300,214.96,23.82371627402696,219.29446141104324,0.021465947673257442,10014.0,10228.96
camd9554n2,assess.expr1.fsize.np64,20260520_185304,/astrum/home/hpchzy/code/data/20260520/camd9554n2/outputAssessing/assess.expr1.fsize.np64/20260520_185304,True,clock_gettime,10000,10.0,8192,none,copy,/astrum/home/hpchzy/code/data/20260520/camd9554n2/outputAssessing/assess.expr1.fsize.np64/20260520_185304/clock_gettime/interval10000_fkerncopy_rkernnone_fsize8192_rsize0/clock_gettime_walks/w0000_ta9835;/astrum/home/hpchzy/code/data/20260520/camd9554n2/outputAssessing/assess.expr1.fsize.np64/20260520_185304/clock_gettime/interval10000_fkerncopy_rkernnone_fsize8192_rsize0/clock_gettime_walks/w0002_ta10093;/astrum/home/hpchzy/code/data/20260520/camd9554n2/outputAssessing/assess.expr1.fsize.np64/20260520_185304/clock_gettime/interval10000_fkerncopy_rkernnone_fsize8192_rsize0/clock_gettime_walks/w0001_ta10114,300,300,185.33333333333334,32.264021958061136,273.5369627314543,0.018507422941215632,10014.0,10199.333333333334
camd9554n2,assess.expr1.fsize.np64,20260520_185304,/astrum/home/hpchzy/code/data/20260520/camd9554n2/outputAssessing/assess.expr1.fsize.np64/20260520_185304,True,mpi_wtime,10000,10.0,16,none,copy,/astrum/home/hpchzy/code/data/20260520/camd9554n2/outputAssessing/assess.expr1.fsize.np64/20260520_185304/mpi_wtime/interval10000_fkerncopy_rkernnone_fsize16_rsize0/mpi_wtime_walks/w0002_ta10093;/astrum/home/hpchzy/code/data/20260520/camd9554n2/outputAssessing/assess.expr1.fsize.np64/20260520_185304/mpi_wtime/interval10000_fkerncopy_rkernnone_fsize16_rsize0/mpi_wtime_walks/w0001_ta10114;/astrum/home/hpchzy/code/data/20260520/camd9554n2/outputAssessing/assess.expr1.fsize.np64/20260520_185304/mpi_wtime/interval10000_fkerncopy_rkernnone_fsize16_rsize0/mpi_wtime_walks/w0000_ta9835,300,300,460.99666666666667,29.915013404344737,219.2635495333082,0.04603521736235936,10014.0,10474.996666666666
camd9554n2,assess.expr1.fsize.np64,20260520_185304,/astrum/home/hpchzy/code/data/20260520/camd9554n2/outputAssessing/assess.expr1.fsize.np64/20260520_185304,True,mpi_wtime,10000,10.0,32,none,copy,/astrum/home/hpchzy/code/data/20260520/camd9554n2/outputAssessing/assess.expr1.fsize.np64/20260520_185304/mpi_wtime/interval10000_fkerncopy_rkernnone_fsize32_rsize0/mpi_wtime_walks/w0001_ta10114;/astrum/home/hpchzy/code/data/20260520/camd9554n2/outputAssessing/assess.expr1.fsize.np64/20260520_185304/mpi_wtime/interval10000_fkerncopy_rkernnone_fsize32_rsize0/mpi_wtime_walks/w0000_ta9835;/astrum/home/hpchzy/code/data/20260520/camd9554n2/outputAssessing/assess.expr1.fsize.np64/20260520_185304/mpi_wtime/interval10000_fkerncopy_rkernnone_fsize32_rsize0/mpi_wtime_walks/w0002_ta10093,300,300,231.33,25.268893116841877,182.57160386192618,0.023100659077291794,10014.0,10245.33
camd9554n2,assess.expr1.fsize.np64,20260520_185304,/astrum/home/hpchzy/code/data/20260520/camd9554n2/outputAssessing/assess.expr1.fsize.np64/20260520_185304,True,mpi_wtime,10000,10.0,64,none,copy,/astrum/home/hpchzy/code/data/20260520/camd9554n2/outputAssessing/assess.expr1.fsize.np64/20260520_185304/mpi_wtime/interval10000_fkerncopy_rkernnone_fsize64_rsize0/mpi_wtime_walks/w0001_ta10114;/astrum/home/hpchzy/code/data/20260520/camd9554n2/outputAssessing/assess.expr1.fsize.np64/20260520_185304/mpi_wtime/interval10000_fkerncopy_rkernnone_fsize64_rsize0/mpi_wtime_walks/w0000_ta9835;/astrum/home/hpchzy/code/data/20260520/camd9554n2/outputAssessing/assess.expr1.fsize.np64/20260520_185304/mpi_wtime/interval10000_fkerncopy_rkernnone_fsize64_rsize0/mpi_wtime_walks/w0002_ta10093,300,300,182.20666666666668,27.149371113121862,192.99368034323723,0.01819519339591239,10014.0,10196.206666666667
camd9554n2,assess.expr1.fsize.np64,20260520_185304,/astrum/home/hpchzy/code/data/20260520/camd9554n2/outputAssessing/assess.expr1.fsize.np64/20260520_185304,True,mpi_wtime,10000,10.0,128,none,copy,/astrum/home/hpchzy/code/data/20260520/camd9554n2/outputAssessing/assess.expr1.fsize.np64/20260520_185304/mpi_wtime/interval10000_fkerncopy_rkernnone_fsize128_rsize0/mpi_wtime_walks/w0001_ta10114;/astrum/home/hpchzy/code/data/20260520/camd9554n2/outputAssessing/assess.expr1.fsize.np64/20260520_185304/mpi_wtime/interval10000_fkerncopy_rkernnone_fsize128_rsize0/mpi_wtime_walks/w0000_ta9835;/astrum/home/hpchzy/code/data/20260520/camd9554n2/outputAssessing/assess.expr1.fsize.np64/20260520_185304/mpi_wtime/interval10000_fkerncopy_rkernnone_fsize128_rsize0/mpi_wtime_walks/w0002_ta10093,300,300,1404.4766666666667,18.824582147908398,304.6021762188526,0.14025131482591038,10014.0,11418.476666666667
camd9554n2,assess.expr1.fsize.np64,20260520_185304,/astrum/home/hpchzy/code/data/20260520/camd9554n2/outputAssessing/assess.expr1.fsize.np64/20260520_185304,True,mpi_wtime,10000,10.0,256,none,copy,/astrum/home/hpchzy/code/data/20260520/camd9554n2/outputAssessing/assess.expr1.fsize.np64/20260520_185304/mpi_wtime/interval10000_fkerncopy_rkernnone_fsize256_rsize0/mpi_wtime_walks/w0000_ta9835;/astrum/home/hpchzy/code/data/20260520/camd9554n2/outputAssessing/assess.expr1.fsize.np64/20260520_185304/mpi_wtime/interval10000_fkerncopy_rkernnone_fsize256_rsize0/mpi_wtime_walks/w0002_ta10093;/astrum/home/hpchzy/code/data/20260520/camd9554n2/outputAssessing/assess.expr1.fsize.np64/20260520_185304/mpi_wtime/interval10000_fkerncopy_rkernnone_fsize256_rsize0/mpi_wtime_walks/w0001_ta10114,300,300,195.17333333333335,12.601408820534123,154.88581205238452,0.019490047267159312,10014.0,10209.173333333334
camd9554n2,assess.expr1.fsize.np64,20260520_185304,/astrum/home/hpchzy/code/data/20260520/camd9554n2/outputAssessing/assess.expr1.fsize.np64/20260520_185304,True,mpi_wtime,10000,10.0,512,none,copy,/astrum/home/hpchzy/code/data/20260520/camd9554n2/outputAssessing/assess.expr1.fsize.np64/20260520_185304/mpi_wtime/interval10000_fkerncopy_rkernnone_fsize512_rsize0/mpi_wtime_walks/w0001_ta10114;/astrum/home/hpchzy/code/data/20260520/camd9554n2/outputAssessing/assess.expr1.fsize.np64/20260520_185304/mpi_wtime/interval10000_fkerncopy_rkernnone_fsize512_rsize0/mpi_wtime_walks/w0002_ta10093;/astrum/home/hpchzy/code/data/20260520/camd9554n2/outputAssessing/assess.expr1.fsize.np64/20260520_185304/mpi_wtime/interval10000_fkerncopy_rkernnone_fsize512_rsize0/mpi_wtime_walks/w0000_ta9835,300,300,220.13666666666666,18.537551096804368,353.2898716486726,0.021982890619798946,10014.0,10234.136666666667
camd9554n2,assess.expr1.fsize.np64,20260520_185304,/astrum/home/hpchzy/code/data/20260520/camd9554n2/outputAssessing/assess.expr1.fsize.np64/20260520_185304,True,mpi_wtime,10000,10.0,1024,none,copy,/astrum/home/hpchzy/code/data/20260520/camd9554n2/outputAssessing/assess.expr1.fsize.np64/20260520_185304/mpi_wtime/interval10000_fkerncopy_rkernnone_fsize1024_rsize0/mpi_wtime_walks/w0000_ta9835;/astrum/home/hpchzy/code/data/20260520/camd9554n2/outputAssessing/assess.expr1.fsize.np64/20260520_185304/mpi_wtime/interval10000_fkerncopy_rkernnone_fsize1024_rsize0/mpi_wtime_walks/w0001_ta10114;/astrum/home/hpchzy/code/data/20260520/camd9554n2/outputAssessing/assess.expr1.fsize.np64/20260520_185304/mpi_wtime/interval10000_fkerncopy_rkernnone_fsize1024_rsize0/mpi_wtime_walks/w0002_ta10093,300,300,161.83,24.279595545764934,193.1201830013378,0.01616037547433593,10014.0,10175.83
camd9554n2,assess.expr1.fsize.np64,20260520_185304,/astrum/home/hpchzy/code/data/20260520/camd9554n2/outputAssessing/assess.expr1.fsize.np64/20260520_185304,True,mpi_wtime,10000,10.0,2048,none,copy,/astrum/home/hpchzy/code/data/20260520/camd9554n2/outputAssessing/assess.expr1.fsize.np64/20260520_185304/mpi_wtime/interval10000_fkerncopy_rkernnone_fsize2048_rsize0/mpi_wtime_walks/w0002_ta10093;/astrum/home/hpchzy/code/data/20260520/camd9554n2/outputAssessing/assess.expr1.fsize.np64/20260520_185304/mpi_wtime/interval10000_fkerncopy_rkernnone_fsize2048_rsize0/mpi_wtime_walks/w0001_ta10114;/astrum/home/hpchzy/code/data/20260520/camd9554n2/outputAssessing/assess.expr1.fsize.np64/20260520_185304/mpi_wtime/interval10000_fkerncopy_rkernnone_fsize2048_rsize0/mpi_wtime_walks/w0000_ta9835,300,300,249.96,24.35049941792763,122.55524341545853,0.024961054523666867,10014.0,10263.96
camd9554n2,assess.expr1.fsize.np64,20260520_185304,/astrum/home/hpchzy/code/data/20260520/camd9554n2/outputAssessing/assess.expr1.fsize.np64/20260520_185304,True,mpi_wtime,10000,10.0,4096,none,copy,/astrum/home/hpchzy/code/data/20260520/camd9554n2/outputAssessing/assess.expr1.fsize.np64/20260520_185304/mpi_wtime/interval10000_fkerncopy_rkernnone_fsize4096_rsize0/mpi_wtime_walks/w0002_ta10093;/astrum/home/hpchzy/code/data/20260520/camd9554n2/outputAssessing/assess.expr1.fsize.np64/20260520_185304/mpi_wtime/interval10000_fkerncopy_rkernnone_fsize4096_rsize0/mpi_wtime_walks/w0001_ta10114;/astrum/home/hpchzy/code/data/20260520/camd9554n2/outputAssessing/assess.expr1.fsize.np64/20260520_185304/mpi_wtime/interval10000_fkerncopy_rkernnone_fsize4096_rsize0/mpi_wtime_walks/w0000_ta9835,300,300,214.59,31.352178671031343,194.72817469421915,0.021428999400838825,10014.0,10228.59
camd9554n2,assess.expr1.fsize.np64,20260520_185304,/astrum/home/hpchzy/code/data/20260520/camd9554n2/outputAssessing/assess.expr1.fsize.np64/20260520_185304,True,mpi_wtime,10000,10.0,8192,none,copy,/astrum/home/hpchzy/code/data/20260520/camd9554n2/outputAssessing/assess.expr1.fsize.np64/20260520_185304/mpi_wtime/interval10000_fkerncopy_rkernnone_fsize8192_rsize0/mpi_wtime_walks/w0000_ta9835;/astrum/home/hpchzy/code/data/20260520/camd9554n2/outputAssessing/assess.expr1.fsize.np64/20260520_185304/mpi_wtime/interval10000_fkerncopy_rkernnone_fsize8192_rsize0/mpi_wtime_walks/w0002_ta10093;/astrum/home/hpchzy/code/data/20260520/camd9554n2/outputAssessing/assess.expr1.fsize.np64/20260520_185304/mpi_wtime/interval10000_fkerncopy_rkernnone_fsize8192_rsize0/mpi_wtime_walks/w0001_ta10114,300,300,500.9633333333333,129.41637107883378,503.58022236535714,0.05002629651820784,10014.0,10514.963333333333
camd9554n2,assess.expr1.fsize.np64,20260520_185304,/astrum/home/hpchzy/code/data/20260520/camd9554n2/outputAssessing/assess.expr1.fsize.np64/20260520_185304,True,tsc,10000,10.0,16,none,copy,/astrum/home/hpchzy/code/data/20260520/camd9554n2/outputAssessing/assess.expr1.fsize.np64/20260520_185304/tsc/interval10000_fkerncopy_rkernnone_fsize16_rsize0/tsc_walks/w0000_ta9835;/astrum/home/hpchzy/code/data/20260520/camd9554n2/outputAssessing/assess.expr1.fsize.np64/20260520_185304/tsc/interval10000_fkerncopy_rkernnone_fsize16_rsize0/tsc_walks/w0001_ta10114;/astrum/home/hpchzy/code/data/20260520/camd9554n2/outputAssessing/assess.expr1.fsize.np64/20260520_185304/tsc/interval10000_fkerncopy_rkernnone_fsize16_rsize0/tsc_walks/w0002_ta10093,300,300,305.3933333333333,212.02513941357344,329.2114978589224,0.030496638040077222,10014.0,10314.913333333334
camd9554n2,assess.expr1.fsize.np64,20260520_185304,/astrum/home/hpchzy/code/data/20260520/camd9554n2/outputAssessing/assess.expr1.fsize.np64/20260520_185304,True,tsc,10000,10.0,32,none,copy,/astrum/home/hpchzy/code/data/20260520/camd9554n2/outputAssessing/assess.expr1.fsize.np64/20260520_185304/tsc/interval10000_fkerncopy_rkernnone_fsize32_rsize0/tsc_walks/w0001_ta10114;/astrum/home/hpchzy/code/data/20260520/camd9554n2/outputAssessing/assess.expr1.fsize.np64/20260520_185304/tsc/interval10000_fkerncopy_rkernnone_fsize32_rsize0/tsc_walks/w0002_ta10093;/astrum/home/hpchzy/code/data/20260520/camd9554n2/outputAssessing/assess.expr1.fsize.np64/20260520_185304/tsc/interval10000_fkerncopy_rkernnone_fsize32_rsize0/tsc_walks/w0000_ta9835,300,300,1128.24,36.296772375577035,670.8223786888175,0.11266626722588377,10014.0,11142.226666666667
camd9554n2,assess.expr1.fsize.np64,20260520_185304,/astrum/home/hpchzy/code/data/20260520/camd9554n2/outputAssessing/assess.expr1.fsize.np64/20260520_185304,True,tsc,10000,10.0,64,none,copy,/astrum/home/hpchzy/code/data/20260520/camd9554n2/outputAssessing/assess.expr1.fsize.np64/20260520_185304/tsc/interval10000_fkerncopy_rkernnone_fsize64_rsize0/tsc_walks/w0000_ta9835;/astrum/home/hpchzy/code/data/20260520/camd9554n2/outputAssessing/assess.expr1.fsize.np64/20260520_185304/tsc/interval10000_fkerncopy_rkernnone_fsize64_rsize0/tsc_walks/w0002_ta10093;/astrum/home/hpchzy/code/data/20260520/camd9554n2/outputAssessing/assess.expr1.fsize.np64/20260520_185304/tsc/interval10000_fkerncopy_rkernnone_fsize64_rsize0/tsc_walks/w0001_ta10114,300,300,596.8533333333334,39.32982692314225,647.8844586899669,0.059601890686372415,10014.0,10610.466666666667
camd9554n2,assess.expr1.fsize.np64,20260520_185304,/astrum/home/hpchzy/code/data/20260520/camd9554n2/outputAssessing/assess.expr1.fsize.np64/20260520_185304,True,tsc,10000,10.0,128,none,copy,/astrum/home/hpchzy/code/data/20260520/camd9554n2/outputAssessing/assess.expr1.fsize.np64/20260520_185304/tsc/interval10000_fkerncopy_rkernnone_fsize128_rsize0/tsc_walks/w0001_ta10114;/astrum/home/hpchzy/code/data/20260520/camd9554n2/outputAssessing/assess.expr1.fsize.np64/20260520_185304/tsc/interval10000_fkerncopy_rkernnone_fsize128_rsize0/tsc_walks/w0000_ta9835;/astrum/home/hpchzy/code/data/20260520/camd9554n2/outputAssessing/assess.expr1.fsize.np64/20260520_185304/tsc/interval10000_fkerncopy_rkernnone_fsize128_rsize0/tsc_walks/w0002_ta10093,300,300,100.10333333333334,37.7066846450116,44.8579384893288,0.009996338459490047,10014.0,10113.796666666667
camd9554n2,assess.expr1.fsize.np64,20260520_185304,/astrum/home/hpchzy/code/data/20260520/camd9554n2/outputAssessing/assess.expr1.fsize.np64/20260520_185304,True,tsc,10000,10.0,256,none,copy,/astrum/home/hpchzy/code/data/20260520/camd9554n2/outputAssessing/assess.expr1.fsize.np64/20260520_185304/tsc/interval10000_fkerncopy_rkernnone_fsize256_rsize0/tsc_walks/w0002_ta10093;/astrum/home/hpchzy/code/data/20260520/camd9554n2/outputAssessing/assess.expr1.fsize.np64/20260520_185304/tsc/interval10000_fkerncopy_rkernnone_fsize256_rsize0/tsc_walks/w0000_ta9835;/astrum/home/hpchzy/code/data/20260520/camd9554n2/outputAssessing/assess.expr1.fsize.np64/20260520_185304/tsc/interval10000_fkerncopy_rkernnone_fsize256_rsize0/tsc_walks/w0001_ta10114,300,300,101.68666666666667,53.611831503041394,60.979621387091655,0.010154450436056188,10014.0,10114.713333333333
camd9554n2,assess.expr1.fsize.np64,20260520_185304,/astrum/home/hpchzy/code/data/20260520/camd9554n2/outputAssessing/assess.expr1.fsize.np64/20260520_185304,True,tsc,10000,10.0,512,none,copy,/astrum/home/hpchzy/code/data/20260520/camd9554n2/outputAssessing/assess.expr1.fsize.np64/20260520_185304/tsc/interval10000_fkerncopy_rkernnone_fsize512_rsize0/tsc_walks/w0001_ta10114;/astrum/home/hpchzy/code/data/20260520/camd9554n2/outputAssessing/assess.expr1.fsize.np64/20260520_185304/tsc/interval10000_fkerncopy_rkernnone_fsize512_rsize0/tsc_walks/w0000_ta9835;/astrum/home/hpchzy/code/data/20260520/camd9554n2/outputAssessing/assess.expr1.fsize.np64/20260520_185304/tsc/interval10000_fkerncopy_rkernnone_fsize512_rsize0/tsc_walks/w0002_ta10093,300,300,206.07333333333332,34.80339167801218,190.19542085001402,0.02057852340057253,10014.0,10219.373333333333
camd9554n2,assess.expr1.fsize.np64,20260520_185304,/astrum/home/hpchzy/code/data/20260520/camd9554n2/outputAssessing/assess.expr1.fsize.np64/20260520_185304,True,tsc,10000,10.0,1024,none,copy,/astrum/home/hpchzy/code/data/20260520/camd9554n2/outputAssessing/assess.expr1.fsize.np64/20260520_185304/tsc/interval10000_fkerncopy_rkernnone_fsize1024_rsize0/tsc_walks/w0001_ta10114;/astrum/home/hpchzy/code/data/20260520/camd9554n2/outputAssessing/assess.expr1.fsize.np64/20260520_185304/tsc/interval10000_fkerncopy_rkernnone_fsize1024_rsize0/tsc_walks/w0002_ta10093;/astrum/home/hpchzy/code/data/20260520/camd9554n2/outputAssessing/assess.expr1.fsize.np64/20260520_185304/tsc/interval10000_fkerncopy_rkernnone_fsize1024_rsize0/tsc_walks/w0000_ta9835,300,300,203.42,35.10656240375939,304.0807946222026,0.02031356101457959,10014.0,10217.24
camd9554n2,assess.expr1.fsize.np64,20260520_185304,/astrum/home/hpchzy/code/data/20260520/camd9554n2/outputAssessing/assess.expr1.fsize.np64/20260520_185304,True,tsc,10000,10.0,2048,none,copy,/astrum/home/hpchzy/code/data/20260520/camd9554n2/outputAssessing/assess.expr1.fsize.np64/20260520_185304/tsc/interval10000_fkerncopy_rkernnone_fsize2048_rsize0/tsc_walks/w0002_ta10093;/astrum/home/hpchzy/code/data/20260520/camd9554n2/outputAssessing/assess.expr1.fsize.np64/20260520_185304/tsc/interval10000_fkerncopy_rkernnone_fsize2048_rsize0/tsc_walks/w0001_ta10114;/astrum/home/hpchzy/code/data/20260520/camd9554n2/outputAssessing/assess.expr1.fsize.np64/20260520_185304/tsc/interval10000_fkerncopy_rkernnone_fsize2048_rsize0/tsc_walks/w0000_ta9835,300,300,188.5,37.858719876985205,263.8348818541237,0.018823646894347915,10014.0,10202.386666666667
camd9554n2,assess.expr1.fsize.np64,20260520_185304,/astrum/home/hpchzy/code/data/20260520/camd9554n2/outputAssessing/assess.expr1.fsize.np64/20260520_185304,True,tsc,10000,10.0,4096,none,copy,/astrum/home/hpchzy/code/data/20260520/camd9554n2/outputAssessing/assess.expr1.fsize.np64/20260520_185304/tsc/interval10000_fkerncopy_rkernnone_fsize4096_rsize0/tsc_walks/w0001_ta10114;/astrum/home/hpchzy/code/data/20260520/camd9554n2/outputAssessing/assess.expr1.fsize.np64/20260520_185304/tsc/interval10000_fkerncopy_rkernnone_fsize4096_rsize0/tsc_walks/w0000_ta9835;/astrum/home/hpchzy/code/data/20260520/camd9554n2/outputAssessing/assess.expr1.fsize.np64/20260520_185304/tsc/interval10000_fkerncopy_rkernnone_fsize4096_rsize0/tsc_walks/w0002_ta10093,300,300,274.95666666666665,43.013325321359964,421.58899514492856,0.02745722654949737,10014.0,10288.903333333334
camd9554n2,assess.expr1.fsize.np64,20260520_185304,/astrum/home/hpchzy/code/data/20260520/camd9554n2/outputAssessing/assess.expr1.fsize.np64/20260520_185304,True,tsc,10000,10.0,8192,none,copy,/astrum/home/hpchzy/code/data/20260520/camd9554n2/outputAssessing/assess.expr1.fsize.np64/20260520_185304/tsc/interval10000_fkerncopy_rkernnone_fsize8192_rsize0/tsc_walks/w0002_ta10093;/astrum/home/hpchzy/code/data/20260520/camd9554n2/outputAssessing/assess.expr1.fsize.np64/20260520_185304/tsc/interval10000_fkerncopy_rkernnone_fsize8192_rsize0/tsc_walks/w0000_ta9835;/astrum/home/hpchzy/code/data/20260520/camd9554n2/outputAssessing/assess.expr1.fsize.np64/20260520_185304/tsc/interval10000_fkerncopy_rkernnone_fsize8192_rsize0/tsc_walks/w0001_ta10114,300,300,300.9766666666667,73.5701433682836,266.61407304304896,0.030055588842287467,10014.0,10314.976666666667
camd9554n2,assess.expr1.fsize.np64,20260520_185304,/astrum/home/hpchzy/code/data/20260520/camd9554n2/outputAssessing/assess.expr1.fsize.np64/20260520_185304,True,tsc_asym,10000,10.0,16,none,copy,/astrum/home/hpchzy/code/data/20260520/camd9554n2/outputAssessing/assess.expr1.fsize.np64/20260520_185304/tsc_asym/interval10000_fkerncopy_rkernnone_fsize16_rsize0/tsc_asym_walks/w0002_ta10093;/astrum/home/hpchzy/code/data/20260520/camd9554n2/outputAssessing/assess.expr1.fsize.np64/20260520_185304/tsc_asym/interval10000_fkerncopy_rkernnone_fsize16_rsize0/tsc_asym_walks/w0001_ta10114;/astrum/home/hpchzy/code/data/20260520/camd9554n2/outputAssessing/assess.expr1.fsize.np64/20260520_185304/tsc_asym/interval10000_fkerncopy_rkernnone_fsize16_rsize0/tsc_asym_walks/w0000_ta9835,300,300,1377.7766666666666,50.6660681123533,693.716991845644,0.13758504760002663,10014.0,11391.776666666667
camd9554n2,assess.expr1.fsize.np64,20260520_185304,/astrum/home/hpchzy/code/data/20260520/camd9554n2/outputAssessing/assess.expr1.fsize.np64/20260520_185304,True,tsc_asym,10000,10.0,32,none,copy,/astrum/home/hpchzy/code/data/20260520/camd9554n2/outputAssessing/assess.expr1.fsize.np64/20260520_185304/tsc_asym/interval10000_fkerncopy_rkernnone_fsize32_rsize0/tsc_asym_walks/w0002_ta10093;/astrum/home/hpchzy/code/data/20260520/camd9554n2/outputAssessing/assess.expr1.fsize.np64/20260520_185304/tsc_asym/interval10000_fkerncopy_rkernnone_fsize32_rsize0/tsc_asym_walks/w0001_ta10114;/astrum/home/hpchzy/code/data/20260520/camd9554n2/outputAssessing/assess.expr1.fsize.np64/20260520_185304/tsc_asym/interval10000_fkerncopy_rkernnone_fsize32_rsize0/tsc_asym_walks/w0000_ta9835,300,300,2483.03,46.075072182473654,710.8906567386008,0.24795586179348914,10014.0,12497.03
camd9554n2,assess.expr1.fsize.np64,20260520_185304,/astrum/home/hpchzy/code/data/20260520/camd9554n2/outputAssessing/assess.expr1.fsize.np64/20260520_185304,True,tsc_asym,10000,10.0,64,none,copy,/astrum/home/hpchzy/code/data/20260520/camd9554n2/outputAssessing/assess.expr1.fsize.np64/20260520_185304/tsc_asym/interval10000_fkerncopy_rkernnone_fsize64_rsize0/tsc_asym_walks/w0001_ta10114;/astrum/home/hpchzy/code/data/20260520/camd9554n2/outputAssessing/assess.expr1.fsize.np64/20260520_185304/tsc_asym/interval10000_fkerncopy_rkernnone_fsize64_rsize0/tsc_asym_walks/w0000_ta9835;/astrum/home/hpchzy/code/data/20260520/camd9554n2/outputAssessing/assess.expr1.fsize.np64/20260520_185304/tsc_asym/interval10000_fkerncopy_rkernnone_fsize64_rsize0/tsc_asym_walks/w0002_ta10093,300,300,302.9033333333333,41.8974672250499,49.65714252263956,0.030247986152719522,10014.0,10316.903333333334
camd9554n2,assess.expr1.fsize.np64,20260520_185304,/astrum/home/hpchzy/code/data/20260520/camd9554n2/outputAssessing/assess.expr1.fsize.np64/20260520_185304,True,tsc_asym,10000,10.0,128,none,copy,/astrum/home/hpchzy/code/data/20260520/camd9554n2/outputAssessing/assess.expr1.fsize.np64/20260520_185304/tsc_asym/interval10000_fkerncopy_rkernnone_fsize128_rsize0/tsc_asym_walks/w0001_ta10114;/astrum/home/hpchzy/code/data/20260520/camd9554n2/outputAssessing/assess.expr1.fsize.np64/20260520_185304/tsc_asym/interval10000_fkerncopy_rkernnone_fsize128_rsize0/tsc_asym_walks/w0000_ta9835;/astrum/home/hpchzy/code/data/20260520/camd9554n2/outputAssessing/assess.expr1.fsize.np64/20260520_185304/tsc_asym/interval10000_fkerncopy_rkernnone_fsize128_rsize0/tsc_asym_walks/w0002_ta10093,300,300,142.94333333333333,32.12194674189405,44.06991787108746,0.014274349244391185,10014.0,10156.943333333333
camd9554n2,assess.expr1.fsize.np64,20260520_185304,/astrum/home/hpchzy/code/data/20260520/camd9554n2/outputAssessing/assess.expr1.fsize.np64/20260520_185304,True,tsc_asym,10000,10.0,256,none,copy,/astrum/home/hpchzy/code/data/20260520/camd9554n2/outputAssessing/assess.expr1.fsize.np64/20260520_185304/tsc_asym/interval10000_fkerncopy_rkernnone_fsize256_rsize0/tsc_asym_walks/w0002_ta10093;/astrum/home/hpchzy/code/data/20260520/camd9554n2/outputAssessing/assess.expr1.fsize.np64/20260520_185304/tsc_asym/interval10000_fkerncopy_rkernnone_fsize256_rsize0/tsc_asym_walks/w0000_ta9835;/astrum/home/hpchzy/code/data/20260520/camd9554n2/outputAssessing/assess.expr1.fsize.np64/20260520_185304/tsc_asym/interval10000_fkerncopy_rkernnone_fsize256_rsize0/tsc_asym_walks/w0001_ta10114,300,300,538.09,29.945907726173754,42.56115764887696,0.05373377271819453,10014.0,10552.09
camd9554n2,assess.expr1.fsize.np64,20260520_185304,/astrum/home/hpchzy/code/data/20260520/camd9554n2/outputAssessing/assess.expr1.fsize.np64/20260520_185304,True,tsc_asym,10000,10.0,512,none,copy,/astrum/home/hpchzy/code/data/20260520/camd9554n2/outputAssessing/assess.expr1.fsize.np64/20260520_185304/tsc_asym/interval10000_fkerncopy_rkernnone_fsize512_rsize0/tsc_asym_walks/w0002_ta10093;/astrum/home/hpchzy/code/data/20260520/camd9554n2/outputAssessing/assess.expr1.fsize.np64/20260520_185304/tsc_asym/interval10000_fkerncopy_rkernnone_fsize512_rsize0/tsc_asym_walks/w0000_ta9835;/astrum/home/hpchzy/code/data/20260520/camd9554n2/outputAssessing/assess.expr1.fsize.np64/20260520_185304/tsc_asym/interval10000_fkerncopy_rkernnone_fsize512_rsize0/tsc_asym_walks/w0001_ta10114,300,300,119.38333333333334,28.575860016148813,39.70473397373984,0.011921643033087011,10014.0,10133.383333333333
camd9554n2,assess.expr1.fsize.np64,20260520_185304,/astrum/home/hpchzy/code/data/20260520/camd9554n2/outputAssessing/assess.expr1.fsize.np64/20260520_185304,True,tsc_asym,10000,10.0,1024,none,copy,/astrum/home/hpchzy/code/data/20260520/camd9554n2/outputAssessing/assess.expr1.fsize.np64/20260520_185304/tsc_asym/interval10000_fkerncopy_rkernnone_fsize1024_rsize0/tsc_asym_walks/w0000_ta9835;/astrum/home/hpchzy/code/data/20260520/camd9554n2/outputAssessing/assess.expr1.fsize.np64/20260520_185304/tsc_asym/interval10000_fkerncopy_rkernnone_fsize1024_rsize0/tsc_asym_walks/w0002_ta10093;/astrum/home/hpchzy/code/data/20260520/camd9554n2/outputAssessing/assess.expr1.fsize.np64/20260520_185304/tsc_asym/interval10000_fkerncopy_rkernnone_fsize1024_rsize0/tsc_asym_walks/w0001_ta10114,300,300,652.48,33.30024031351885,334.815048967096,0.06515678050728979,10014.0,10666.48
camd9554n2,assess.expr1.fsize.np64,20260520_185304,/astrum/home/hpchzy/code/data/20260520/camd9554n2/outputAssessing/assess.expr1.fsize.np64/20260520_185304,True,tsc_asym,10000,10.0,2048,none,copy,/astrum/home/hpchzy/code/data/20260520/camd9554n2/outputAssessing/assess.expr1.fsize.np64/20260520_185304/tsc_asym/interval10000_fkerncopy_rkernnone_fsize2048_rsize0/tsc_asym_walks/w0002_ta10093;/astrum/home/hpchzy/code/data/20260520/camd9554n2/outputAssessing/assess.expr1.fsize.np64/20260520_185304/tsc_asym/interval10000_fkerncopy_rkernnone_fsize2048_rsize0/tsc_asym_walks/w0001_ta10114;/astrum/home/hpchzy/code/data/20260520/camd9554n2/outputAssessing/assess.expr1.fsize.np64/20260520_185304/tsc_asym/interval10000_fkerncopy_rkernnone_fsize2048_rsize0/tsc_asym_walks/w0000_ta9835,300,300,345.27,44.63702902553448,149.1630812098642,0.03447872977831036,10014.0,10359.27
camd9554n2,assess.expr1.fsize.np64,20260520_185304,/astrum/home/hpchzy/code/data/20260520/camd9554n2/outputAssessing/assess.expr1.fsize.np64/20260520_185304,True,tsc_asym,10000,10.0,4096,none,copy,/astrum/home/hpchzy/code/data/20260520/camd9554n2/outputAssessing/assess.expr1.fsize.np64/20260520_185304/tsc_asym/interval10000_fkerncopy_rkernnone_fsize4096_rsize0/tsc_asym_walks/w0000_ta9835;/astrum/home/hpchzy/code/data/20260520/camd9554n2/outputAssessing/assess.expr1.fsize.np64/20260520_185304/tsc_asym/interval10000_fkerncopy_rkernnone_fsize4096_rsize0/tsc_asym_walks/w0002_ta10093;/astrum/home/hpchzy/code/data/20260520/camd9554n2/outputAssessing/assess.expr1.fsize.np64/20260520_185304/tsc_asym/interval10000_fkerncopy_rkernnone_fsize4096_rsize0/tsc_asym_walks/w0001_ta10114,300,300,496.9633333333333,43.40379316251536,437.22459301406695,0.049626855735303906,10014.0,10510.963333333333
camd9554n2,assess.expr1.fsize.np64,20260520_185304,/astrum/home/hpchzy/code/data/20260520/camd9554n2/outputAssessing/assess.expr1.fsize.np64/20260520_185304,True,tsc_asym,10000,10.0,8192,none,copy,/astrum/home/hpchzy/code/data/20260520/camd9554n2/outputAssessing/assess.expr1.fsize.np64/20260520_185304/tsc_asym/interval10000_fkerncopy_rkernnone_fsize8192_rsize0/tsc_asym_walks/w0000_ta9835;/astrum/home/hpchzy/code/data/20260520/camd9554n2/outputAssessing/assess.expr1.fsize.np64/20260520_185304/tsc_asym/interval10000_fkerncopy_rkernnone_fsize8192_rsize0/tsc_asym_walks/w0001_ta10114;/astrum/home/hpchzy/code/data/20260520/camd9554n2/outputAssessing/assess.expr1.fsize.np64/20260520_185304/tsc_asym/interval10000_fkerncopy_rkernnone_fsize8192_rsize0/tsc_asym_walks/w0002_ta10093,300,300,601.5366666666666,72.3155885429549,584.8752846413669,0.0600695692696891,10014.0,10615.536666666667
cgnr6760pn2,assess.expr1.fsize.np128,20260520_185639,/astrum/home/hpchzy/code/data/20260520/cgnr6760pn2/outputAssessing/assess.expr1.fsize.np128/20260520_185639,True,clock_gettime,10000,10.0,16,none,copy,/astrum/home/hpchzy/code/data/20260520/cgnr6760pn2/outputAssessing/assess.expr1.fsize.np128/20260520_185639/clock_gettime/interval10000_fkerncopy_rkernnone_fsize16_rsize0/clock_gettime_walks/w0001_ta10053;/astrum/home/hpchzy/code/data/20260520/cgnr6760pn2/outputAssessing/assess.expr1.fsize.np128/20260520_185639/clock_gettime/interval10000_fkerncopy_rkernnone_fsize16_rsize0/clock_gettime_walks/w0000_ta10230;/astrum/home/hpchzy/code/data/20260520/cgnr6760pn2/outputAssessing/assess.expr1.fsize.np128/20260520_185639/clock_gettime/interval10000_fkerncopy_rkernnone_fsize16_rsize0/clock_gettime_walks/w0002_ta10170,300,300,4069.6466666666665,35.81238319711069,2761.7927651112236,0.4009109118970216,10151.0,14220.646666666667
cgnr6760pn2,assess.expr1.fsize.np128,20260520_185639,/astrum/home/hpchzy/code/data/20260520/cgnr6760pn2/outputAssessing/assess.expr1.fsize.np128/20260520_185639,True,clock_gettime,10000,10.0,32,none,copy,/astrum/home/hpchzy/code/data/20260520/cgnr6760pn2/outputAssessing/assess.expr1.fsize.np128/20260520_185639/clock_gettime/interval10000_fkerncopy_rkernnone_fsize32_rsize0/clock_gettime_walks/w0002_ta10170;/astrum/home/hpchzy/code/data/20260520/cgnr6760pn2/outputAssessing/assess.expr1.fsize.np128/20260520_185639/clock_gettime/interval10000_fkerncopy_rkernnone_fsize32_rsize0/clock_gettime_walks/w0001_ta10053;/astrum/home/hpchzy/code/data/20260520/cgnr6760pn2/outputAssessing/assess.expr1.fsize.np128/20260520_185639/clock_gettime/interval10000_fkerncopy_rkernnone_fsize32_rsize0/clock_gettime_walks/w0000_ta10230,300,300,1560.8366666666666,35.953165101655436,902.4764996932677,0.15376186254227825,10151.0,11711.836666666666
cgnr6760pn2,assess.expr1.fsize.np128,20260520_185639,/astrum/home/hpchzy/code/data/20260520/cgnr6760pn2/outputAssessing/assess.expr1.fsize.np128/20260520_185639,True,clock_gettime,10000,10.0,64,none,copy,/astrum/home/hpchzy/code/data/20260520/cgnr6760pn2/outputAssessing/assess.expr1.fsize.np128/20260520_185639/clock_gettime/interval10000_fkerncopy_rkernnone_fsize64_rsize0/clock_gettime_walks/w0002_ta10170;/astrum/home/hpchzy/code/data/20260520/cgnr6760pn2/outputAssessing/assess.expr1.fsize.np128/20260520_185639/clock_gettime/interval10000_fkerncopy_rkernnone_fsize64_rsize0/clock_gettime_walks/w0001_ta10053;/astrum/home/hpchzy/code/data/20260520/cgnr6760pn2/outputAssessing/assess.expr1.fsize.np128/20260520_185639/clock_gettime/interval10000_fkerncopy_rkernnone_fsize64_rsize0/clock_gettime_walks/w0000_ta10230,300,300,1024.89,32.2312984118888,394.48464223962094,0.10096443700128067,10151.0,11175.89
cgnr6760pn2,assess.expr1.fsize.np128,20260520_185639,/astrum/home/hpchzy/code/data/20260520/cgnr6760pn2/outputAssessing/assess.expr1.fsize.np128/20260520_185639,True,clock_gettime,10000,10.0,128,none,copy,/astrum/home/hpchzy/code/data/20260520/cgnr6760pn2/outputAssessing/assess.expr1.fsize.np128/20260520_185639/clock_gettime/interval10000_fkerncopy_rkernnone_fsize128_rsize0/clock_gettime_walks/w0002_ta10170;/astrum/home/hpchzy/code/data/20260520/cgnr6760pn2/outputAssessing/assess.expr1.fsize.np128/20260520_185639/clock_gettime/interval10000_fkerncopy_rkernnone_fsize128_rsize0/clock_gettime_walks/w0001_ta10053;/astrum/home/hpchzy/code/data/20260520/cgnr6760pn2/outputAssessing/assess.expr1.fsize.np128/20260520_185639/clock_gettime/interval10000_fkerncopy_rkernnone_fsize128_rsize0/clock_gettime_walks/w0000_ta10230,300,300,259.43,33.9248723093408,590.7787001988614,0.025557087971628412,10151.0,10410.43
cgnr6760pn2,assess.expr1.fsize.np128,20260520_185639,/astrum/home/hpchzy/code/data/20260520/cgnr6760pn2/outputAssessing/assess.expr1.fsize.np128/20260520_185639,True,clock_gettime,10000,10.0,256,none,copy,/astrum/home/hpchzy/code/data/20260520/cgnr6760pn2/outputAssessing/assess.expr1.fsize.np128/20260520_185639/clock_gettime/interval10000_fkerncopy_rkernnone_fsize256_rsize0/clock_gettime_walks/w0002_ta10170;/astrum/home/hpchzy/code/data/20260520/cgnr6760pn2/outputAssessing/assess.expr1.fsize.np128/20260520_185639/clock_gettime/interval10000_fkerncopy_rkernnone_fsize256_rsize0/clock_gettime_walks/w0001_ta10053;/astrum/home/hpchzy/code/data/20260520/cgnr6760pn2/outputAssessing/assess.expr1.fsize.np128/20260520_185639/clock_gettime/interval10000_fkerncopy_rkernnone_fsize256_rsize0/clock_gettime_walks/w0000_ta10230,300,300,177.91,30.870749794276836,285.0235784401706,0.017526352083538567,10151.0,10328.91
cgnr6760pn2,assess.expr1.fsize.np128,20260520_185639,/astrum/home/hpchzy/code/data/20260520/cgnr6760pn2/outputAssessing/assess.expr1.fsize.np128/20260520_185639,True,clock_gettime,10000,10.0,512,none,copy,/astrum/home/hpchzy/code/data/20260520/cgnr6760pn2/outputAssessing/assess.expr1.fsize.np128/20260520_185639/clock_gettime/interval10000_fkerncopy_rkernnone_fsize512_rsize0/clock_gettime_walks/w0000_ta10230;/astrum/home/hpchzy/code/data/20260520/cgnr6760pn2/outputAssessing/assess.expr1.fsize.np128/20260520_185639/clock_gettime/interval10000_fkerncopy_rkernnone_fsize512_rsize0/clock_gettime_walks/w0001_ta10053;/astrum/home/hpchzy/code/data/20260520/cgnr6760pn2/outputAssessing/assess.expr1.fsize.np128/20260520_185639/clock_gettime/interval10000_fkerncopy_rkernnone_fsize512_rsize0/clock_gettime_walks/w0002_ta10170,300,300,67336.06,35.09267657061327,458.95069020849587,6.633441040291597,10151.0,77487.06
cgnr6760pn2,assess.expr1.fsize.np128,20260520_185639,/astrum/home/hpchzy/code/data/20260520/cgnr6760pn2/outputAssessing/assess.expr1.fsize.np128/20260520_185639,True,clock_gettime,10000,10.0,1024,none,copy,/astrum/home/hpchzy/code/data/20260520/cgnr6760pn2/outputAssessing/assess.expr1.fsize.np128/20260520_185639/clock_gettime/interval10000_fkerncopy_rkernnone_fsize1024_rsize0/clock_gettime_walks/w0002_ta10170;/astrum/home/hpchzy/code/data/20260520/cgnr6760pn2/outputAssessing/assess.expr1.fsize.np128/20260520_185639/clock_gettime/interval10000_fkerncopy_rkernnone_fsize1024_rsize0/clock_gettime_walks/w0001_ta10053;/astrum/home/hpchzy/code/data/20260520/cgnr6760pn2/outputAssessing/assess.expr1.fsize.np128/20260520_185639/clock_gettime/interval10000_fkerncopy_rkernnone_fsize1024_rsize0/clock_gettime_walks/w0000_ta10230,300,300,290.4033333333333,35.462163799191984,566.3774687562986,0.028608347289265423,10151.0,10441.403333333334
cgnr6760pn2,assess.expr1.fsize.np128,20260520_185639,/astrum/home/hpchzy/code/data/20260520/cgnr6760pn2/outputAssessing/assess.expr1.fsize.np128/20260520_185639,True,clock_gettime,10000,10.0,2048,none,copy,/astrum/home/hpchzy/code/data/20260520/cgnr6760pn2/outputAssessing/assess.expr1.fsize.np128/20260520_185639/clock_gettime/interval10000_fkerncopy_rkernnone_fsize2048_rsize0/clock_gettime_walks/w0000_ta10230;/astrum/home/hpchzy/code/data/20260520/cgnr6760pn2/outputAssessing/assess.expr1.fsize.np128/20260520_185639/clock_gettime/interval10000_fkerncopy_rkernnone_fsize2048_rsize0/clock_gettime_walks/w0001_ta10053;/astrum/home/hpchzy/code/data/20260520/cgnr6760pn2/outputAssessing/assess.expr1.fsize.np128/20260520_185639/clock_gettime/interval10000_fkerncopy_rkernnone_fsize2048_rsize0/clock_gettime_walks/w0002_ta10170,300,300,274.9266666666667,33.270420333190565,316.80959579859325,0.02708370275506518,10151.0,10425.926666666666
cgnr6760pn2,assess.expr1.fsize.np128,20260520_185639,/astrum/home/hpchzy/code/data/20260520/cgnr6760pn2/outputAssessing/assess.expr1.fsize.np128/20260520_185639,True,clock_gettime,10000,10.0,4096,none,copy,/astrum/home/hpchzy/code/data/20260520/cgnr6760pn2/outputAssessing/assess.expr1.fsize.np128/20260520_185639/clock_gettime/interval10000_fkerncopy_rkernnone_fsize4096_rsize0/clock_gettime_walks/w0000_ta10230;/astrum/home/hpchzy/code/data/20260520/cgnr6760pn2/outputAssessing/assess.expr1.fsize.np128/20260520_185639/clock_gettime/interval10000_fkerncopy_rkernnone_fsize4096_rsize0/clock_gettime_walks/w0001_ta10053;/astrum/home/hpchzy/code/data/20260520/cgnr6760pn2/outputAssessing/assess.expr1.fsize.np128/20260520_185639/clock_gettime/interval10000_fkerncopy_rkernnone_fsize4096_rsize0/clock_gettime_walks/w0002_ta10170,300,300,413.0966666666667,46.364731373153994,630.5928944109143,0.04069516960562178,10151.0,10564.096666666666
cgnr6760pn2,assess.expr1.fsize.np128,20260520_185639,/astrum/home/hpchzy/code/data/20260520/cgnr6760pn2/outputAssessing/assess.expr1.fsize.np128/20260520_185639,True,clock_gettime,10000,10.0,8192,none,copy,/astrum/home/hpchzy/code/data/20260520/cgnr6760pn2/outputAssessing/assess.expr1.fsize.np128/20260520_185639/clock_gettime/interval10000_fkerncopy_rkernnone_fsize8192_rsize0/clock_gettime_walks/w0000_ta10230;/astrum/home/hpchzy/code/data/20260520/cgnr6760pn2/outputAssessing/assess.expr1.fsize.np128/20260520_185639/clock_gettime/interval10000_fkerncopy_rkernnone_fsize8192_rsize0/clock_gettime_walks/w0001_ta10053;/astrum/home/hpchzy/code/data/20260520/cgnr6760pn2/outputAssessing/assess.expr1.fsize.np128/20260520_185639/clock_gettime/interval10000_fkerncopy_rkernnone_fsize8192_rsize0/clock_gettime_walks/w0002_ta10170,300,300,380.57666666666665,65.24290844819402,832.7989601257533,0.03749154434702656,10151.0,10531.576666666666
cgnr6760pn2,assess.expr1.fsize.np128,20260520_185639,/astrum/home/hpchzy/code/data/20260520/cgnr6760pn2/outputAssessing/assess.expr1.fsize.np128/20260520_185639,True,mpi_wtime,10000,10.0,16,none,copy,/astrum/home/hpchzy/code/data/20260520/cgnr6760pn2/outputAssessing/assess.expr1.fsize.np128/20260520_185639/mpi_wtime/interval10000_fkerncopy_rkernnone_fsize16_rsize0/mpi_wtime_walks/w0000_ta10230;/astrum/home/hpchzy/code/data/20260520/cgnr6760pn2/outputAssessing/assess.expr1.fsize.np128/20260520_185639/mpi_wtime/interval10000_fkerncopy_rkernnone_fsize16_rsize0/mpi_wtime_walks/w0001_ta10053;/astrum/home/hpchzy/code/data/20260520/cgnr6760pn2/outputAssessing/assess.expr1.fsize.np128/20260520_185639/mpi_wtime/interval10000_fkerncopy_rkernnone_fsize16_rsize0/mpi_wtime_walks/w0002_ta10170,300,300,1269.68,30.7672324051189,1175.186349001397,0.12507930253177027,10151.0,11420.68
cgnr6760pn2,assess.expr1.fsize.np128,20260520_185639,/astrum/home/hpchzy/code/data/20260520/cgnr6760pn2/outputAssessing/assess.expr1.fsize.np128/20260520_185639,True,mpi_wtime,10000,10.0,32,none,copy,/astrum/home/hpchzy/code/data/20260520/cgnr6760pn2/outputAssessing/assess.expr1.fsize.np128/20260520_185639/mpi_wtime/interval10000_fkerncopy_rkernnone_fsize32_rsize0/mpi_wtime_walks/w0002_ta10170;/astrum/home/hpchzy/code/data/20260520/cgnr6760pn2/outputAssessing/assess.expr1.fsize.np128/20260520_185639/mpi_wtime/interval10000_fkerncopy_rkernnone_fsize32_rsize0/mpi_wtime_walks/w0000_ta10230;/astrum/home/hpchzy/code/data/20260520/cgnr6760pn2/outputAssessing/assess.expr1.fsize.np128/20260520_185639/mpi_wtime/interval10000_fkerncopy_rkernnone_fsize32_rsize0/mpi_wtime_walks/w0001_ta10053,300,300,913.23,32.16787819959428,1321.2448785389618,0.08996453551374249,10151.0,11064.23
cgnr6760pn2,assess.expr1.fsize.np128,20260520_185639,/astrum/home/hpchzy/code/data/20260520/cgnr6760pn2/outputAssessing/assess.expr1.fsize.np128/20260520_185639,True,mpi_wtime,10000,10.0,64,none,copy,/astrum/home/hpchzy/code/data/20260520/cgnr6760pn2/outputAssessing/assess.expr1.fsize.np128/20260520_185639/mpi_wtime/interval10000_fkerncopy_rkernnone_fsize64_rsize0/mpi_wtime_walks/w0002_ta10170;/astrum/home/hpchzy/code/data/20260520/cgnr6760pn2/outputAssessing/assess.expr1.fsize.np128/20260520_185639/mpi_wtime/interval10000_fkerncopy_rkernnone_fsize64_rsize0/mpi_wtime_walks/w0000_ta10230;/astrum/home/hpchzy/code/data/20260520/cgnr6760pn2/outputAssessing/assess.expr1.fsize.np128/20260520_185639/mpi_wtime/interval10000_fkerncopy_rkernnone_fsize64_rsize0/mpi_wtime_walks/w0001_ta10053,300,300,1426.2533333333333,31.596733638485624,1490.7000369385082,0.14050372705480577,10151.0,11577.253333333334
cgnr6760pn2,assess.expr1.fsize.np128,20260520_185639,/astrum/home/hpchzy/code/data/20260520/cgnr6760pn2/outputAssessing/assess.expr1.fsize.np128/20260520_185639,True,mpi_wtime,10000,10.0,128,none,copy,/astrum/home/hpchzy/code/data/20260520/cgnr6760pn2/outputAssessing/assess.expr1.fsize.np128/20260520_185639/mpi_wtime/interval10000_fkerncopy_rkernnone_fsize128_rsize0/mpi_wtime_walks/w0000_ta10230;/astrum/home/hpchzy/code/data/20260520/cgnr6760pn2/outputAssessing/assess.expr1.fsize.np128/20260520_185639/mpi_wtime/interval10000_fkerncopy_rkernnone_fsize128_rsize0/mpi_wtime_walks/w0001_ta10053;/astrum/home/hpchzy/code/data/20260520/cgnr6760pn2/outputAssessing/assess.expr1.fsize.np128/20260520_185639/mpi_wtime/interval10000_fkerncopy_rkernnone_fsize128_rsize0/mpi_wtime_walks/w0002_ta10170,300,300,1933.2166666666667,32.99746791468775,1697.216806458556,0.19044593307720092,10151.0,12084.216666666667
cgnr6760pn2,assess.expr1.fsize.np128,20260520_185639,/astrum/home/hpchzy/code/data/20260520/cgnr6760pn2/outputAssessing/assess.expr1.fsize.np128/20260520_185639,True,mpi_wtime,10000,10.0,256,none,copy,/astrum/home/hpchzy/code/data/20260520/cgnr6760pn2/outputAssessing/assess.expr1.fsize.np128/20260520_185639/mpi_wtime/interval10000_fkerncopy_rkernnone_fsize256_rsize0/mpi_wtime_walks/w0001_ta10053;/astrum/home/hpchzy/code/data/20260520/cgnr6760pn2/outputAssessing/assess.expr1.fsize.np128/20260520_185639/mpi_wtime/interval10000_fkerncopy_rkernnone_fsize256_rsize0/mpi_wtime_walks/w0000_ta10230;/astrum/home/hpchzy/code/data/20260520/cgnr6760pn2/outputAssessing/assess.expr1.fsize.np128/20260520_185639/mpi_wtime/interval10000_fkerncopy_rkernnone_fsize256_rsize0/mpi_wtime_walks/w0002_ta10170,300,300,2406.88,29.630659700936533,746.8644618451345,0.2371076741207763,10151.0,12557.88
cgnr6760pn2,assess.expr1.fsize.np128,20260520_185639,/astrum/home/hpchzy/code/data/20260520/cgnr6760pn2/outputAssessing/assess.expr1.fsize.np128/20260520_185639,True,mpi_wtime,10000,10.0,512,none,copy,/astrum/home/hpchzy/code/data/20260520/cgnr6760pn2/outputAssessing/assess.expr1.fsize.np128/20260520_185639/mpi_wtime/interval10000_fkerncopy_rkernnone_fsize512_rsize0/mpi_wtime_walks/w0001_ta10053;/astrum/home/hpchzy/code/data/20260520/cgnr6760pn2/outputAssessing/assess.expr1.fsize.np128/20260520_185639/mpi_wtime/interval10000_fkerncopy_rkernnone_fsize512_rsize0/mpi_wtime_walks/w0000_ta10230;/astrum/home/hpchzy/code/data/20260520/cgnr6760pn2/outputAssessing/assess.expr1.fsize.np128/20260520_185639/mpi_wtime/interval10000_fkerncopy_rkernnone_fsize512_rsize0/mpi_wtime_walks/w0002_ta10170,300,300,233.22666666666666,29.9323437561941,375.4719334261406,0.022975733096903424,10151.0,10384.226666666667
cgnr6760pn2,assess.expr1.fsize.np128,20260520_185639,/astrum/home/hpchzy/code/data/20260520/cgnr6760pn2/outputAssessing/assess.expr1.fsize.np128/20260520_185639,True,mpi_wtime,10000,10.0,1024,none,copy,/astrum/home/hpchzy/code/data/20260520/cgnr6760pn2/outputAssessing/assess.expr1.fsize.np128/20260520_185639/mpi_wtime/interval10000_fkerncopy_rkernnone_fsize1024_rsize0/mpi_wtime_walks/w0000_ta10230;/astrum/home/hpchzy/code/data/20260520/cgnr6760pn2/outputAssessing/assess.expr1.fsize.np128/20260520_185639/mpi_wtime/interval10000_fkerncopy_rkernnone_fsize1024_rsize0/mpi_wtime_walks/w0001_ta10053;/astrum/home/hpchzy/code/data/20260520/cgnr6760pn2/outputAssessing/assess.expr1.fsize.np128/20260520_185639/mpi_wtime/interval10000_fkerncopy_rkernnone_fsize1024_rsize0/mpi_wtime_walks/w0002_ta10170,300,300,277.01666666666665,35.05386923300563,516.7644242517877,0.0272895938002824,10151.0,10428.016666666666
cgnr6760pn2,assess.expr1.fsize.np128,20260520_185639,/astrum/home/hpchzy/code/data/20260520/cgnr6760pn2/outputAssessing/assess.expr1.fsize.np128/20260520_185639,True,mpi_wtime,10000,10.0,2048,none,copy,/astrum/home/hpchzy/code/data/20260520/cgnr6760pn2/outputAssessing/assess.expr1.fsize.np128/20260520_185639/mpi_wtime/interval10000_fkerncopy_rkernnone_fsize2048_rsize0/mpi_wtime_walks/w0002_ta10170;/astrum/home/hpchzy/code/data/20260520/cgnr6760pn2/outputAssessing/assess.expr1.fsize.np128/20260520_185639/mpi_wtime/interval10000_fkerncopy_rkernnone_fsize2048_rsize0/mpi_wtime_walks/w0000_ta10230;/astrum/home/hpchzy/code/data/20260520/cgnr6760pn2/outputAssessing/assess.expr1.fsize.np128/20260520_185639/mpi_wtime/interval10000_fkerncopy_rkernnone_fsize2048_rsize0/mpi_wtime_walks/w0001_ta10053,300,300,298.1433333333333,67.77469965220561,430.5183625492874,0.029370833743801922,10151.0,10449.143333333333
cgnr6760pn2,assess.expr1.fsize.np128,20260520_185639,/astrum/home/hpchzy/code/data/20260520/cgnr6760pn2/outputAssessing/assess.expr1.fsize.np128/20260520_185639,True,mpi_wtime,10000,10.0,4096,none,copy,/astrum/home/hpchzy/code/data/20260520/cgnr6760pn2/outputAssessing/assess.expr1.fsize.np128/20260520_185639/mpi_wtime/interval10000_fkerncopy_rkernnone_fsize4096_rsize0/mpi_wtime_walks/w0000_ta10230;/astrum/home/hpchzy/code/data/20260520/cgnr6760pn2/outputAssessing/assess.expr1.fsize.np128/20260520_185639/mpi_wtime/interval10000_fkerncopy_rkernnone_fsize4096_rsize0/mpi_wtime_walks/w0001_ta10053;/astrum/home/hpchzy/code/data/20260520/cgnr6760pn2/outputAssessing/assess.expr1.fsize.np128/20260520_185639/mpi_wtime/interval10000_fkerncopy_rkernnone_fsize4096_rsize0/mpi_wtime_walks/w0002_ta10170,300,300,499.3933333333333,154.734583046749,852.2834877696608,0.04919646668636916,10151.0,10650.393333333333
cgnr6760pn2,assess.expr1.fsize.np128,20260520_185639,/astrum/home/hpchzy/code/data/20260520/cgnr6760pn2/outputAssessing/assess.expr1.fsize.np128/20260520_185639,True,mpi_wtime,10000,10.0,8192,none,copy,/astrum/home/hpchzy/code/data/20260520/cgnr6760pn2/outputAssessing/assess.expr1.fsize.np128/20260520_185639/mpi_wtime/interval10000_fkerncopy_rkernnone_fsize8192_rsize0/mpi_wtime_walks/w0002_ta10170;/astrum/home/hpchzy/code/data/20260520/cgnr6760pn2/outputAssessing/assess.expr1.fsize.np128/20260520_185639/mpi_wtime/interval10000_fkerncopy_rkernnone_fsize8192_rsize0/mpi_wtime_walks/w0001_ta10053;/astrum/home/hpchzy/code/data/20260520/cgnr6760pn2/outputAssessing/assess.expr1.fsize.np128/20260520_185639/mpi_wtime/interval10000_fkerncopy_rkernnone_fsize8192_rsize0/mpi_wtime_walks/w0000_ta10230,300,300,802.35,390.06633599674535,1506.2558008499143,0.07904147374642892,10151.0,10953.35
cgnr6760pn2,assess.expr1.fsize.np128,20260520_185639,/astrum/home/hpchzy/code/data/20260520/cgnr6760pn2/outputAssessing/assess.expr1.fsize.np128/20260520_185639,True,tsc,10000,10.0,16,none,copy,/astrum/home/hpchzy/code/data/20260520/cgnr6760pn2/outputAssessing/assess.expr1.fsize.np128/20260520_185639/tsc/interval10000_fkerncopy_rkernnone_fsize16_rsize0/tsc_walks/w0002_ta10170;/astrum/home/hpchzy/code/data/20260520/cgnr6760pn2/outputAssessing/assess.expr1.fsize.np128/20260520_185639/tsc/interval10000_fkerncopy_rkernnone_fsize16_rsize0/tsc_walks/w0001_ta10053;/astrum/home/hpchzy/code/data/20260520/cgnr6760pn2/outputAssessing/assess.expr1.fsize.np128/20260520_185639/tsc/interval10000_fkerncopy_rkernnone_fsize16_rsize0/tsc_walks/w0000_ta10230,300,300,453.93333333333334,28.13757293402303,956.1092284672427,0.04471809017174006,10151.0,10604.933333333332
cgnr6760pn2,assess.expr1.fsize.np128,20260520_185639,/astrum/home/hpchzy/code/data/20260520/cgnr6760pn2/outputAssessing/assess.expr1.fsize.np128/20260520_185639,True,tsc,10000,10.0,32,none,copy,/astrum/home/hpchzy/code/data/20260520/cgnr6760pn2/outputAssessing/assess.expr1.fsize.np128/20260520_185639/tsc/interval10000_fkerncopy_rkernnone_fsize32_rsize0/tsc_walks/w0001_ta10053;/astrum/home/hpchzy/code/data/20260520/cgnr6760pn2/outputAssessing/assess.expr1.fsize.np128/20260520_185639/tsc/interval10000_fkerncopy_rkernnone_fsize32_rsize0/tsc_walks/w0000_ta10230;/astrum/home/hpchzy/code/data/20260520/cgnr6760pn2/outputAssessing/assess.expr1.fsize.np128/20260520_185639/tsc/interval10000_fkerncopy_rkernnone_fsize32_rsize0/tsc_walks/w0002_ta10170,300,300,2606.89,27.314827467424813,1323.3547910086604,0.25681115161067875,10151.0,12757.89
cgnr6760pn2,assess.expr1.fsize.np128,20260520_185639,/astrum/home/hpchzy/code/data/20260520/cgnr6760pn2/outputAssessing/assess.expr1.fsize.np128/20260520_185639,True,tsc,10000,10.0,64,none,copy,/astrum/home/hpchzy/code/data/20260520/cgnr6760pn2/outputAssessing/assess.expr1.fsize.np128/20260520_185639/tsc/interval10000_fkerncopy_rkernnone_fsize64_rsize0/tsc_walks/w0002_ta10170;/astrum/home/hpchzy/code/data/20260520/cgnr6760pn2/outputAssessing/assess.expr1.fsize.np128/20260520_185639/tsc/interval10000_fkerncopy_rkernnone_fsize64_rsize0/tsc_walks/w0001_ta10053;/astrum/home/hpchzy/code/data/20260520/cgnr6760pn2/outputAssessing/assess.expr1.fsize.np128/20260520_185639/tsc/interval10000_fkerncopy_rkernnone_fsize64_rsize0/tsc_walks/w0000_ta10230,300,300,1018.9866666666667,29.727607010329947,453.742067967462,0.10038288510163203,10151.0,11169.986666666666
cgnr6760pn2,assess.expr1.fsize.np128,20260520_185639,/astrum/home/hpchzy/code/data/20260520/cgnr6760pn2/outputAssessing/assess.expr1.fsize.np128/20260520_185639,True,tsc,10000,10.0,128,none,copy,/astrum/home/hpchzy/code/data/20260520/cgnr6760pn2/outputAssessing/assess.expr1.fsize.np128/20260520_185639/tsc/interval10000_fkerncopy_rkernnone_fsize128_rsize0/tsc_walks/w0000_ta10230;/astrum/home/hpchzy/code/data/20260520/cgnr6760pn2/outputAssessing/assess.expr1.fsize.np128/20260520_185639/tsc/interval10000_fkerncopy_rkernnone_fsize128_rsize0/tsc_walks/w0001_ta10053;/astrum/home/hpchzy/code/data/20260520/cgnr6760pn2/outputAssessing/assess.expr1.fsize.np128/20260520_185639/tsc/interval10000_fkerncopy_rkernnone_fsize128_rsize0/tsc_walks/w0002_ta10170,300,300,1252.38,29.484790720215948,610.7953984314388,0.1233750369421732,10151.0,11403.38
cgnr6760pn2,assess.expr1.fsize.np128,20260520_185639,/astrum/home/hpchzy/code/data/20260520/cgnr6760pn2/outputAssessing/assess.expr1.fsize.np128/20260520_185639,True,tsc,10000,10.0,256,none,copy,/astrum/home/hpchzy/code/data/20260520/cgnr6760pn2/outputAssessing/assess.expr1.fsize.np128/20260520_185639/tsc/interval10000_fkerncopy_rkernnone_fsize256_rsize0/tsc_walks/w0001_ta10053;/astrum/home/hpchzy/code/data/20260520/cgnr6760pn2/outputAssessing/assess.expr1.fsize.np128/20260520_185639/tsc/interval10000_fkerncopy_rkernnone_fsize256_rsize0/tsc_walks/w0000_ta10230;/astrum/home/hpchzy/code/data/20260520/cgnr6760pn2/outputAssessing/assess.expr1.fsize.np128/20260520_185639/tsc/interval10000_fkerncopy_rkernnone_fsize256_rsize0/tsc_walks/w0002_ta10170,300,300,841.2066666666667,30.03447285459757,590.7738008600343,0.0828693396381309,10151.0,10992.206666666667
cgnr6760pn2,assess.expr1.fsize.np128,20260520_185639,/astrum/home/hpchzy/code/data/20260520/cgnr6760pn2/outputAssessing/assess.expr1.fsize.np128/20260520_185639,True,tsc,10000,10.0,512,none,copy,/astrum/home/hpchzy/code/data/20260520/cgnr6760pn2/outputAssessing/assess.expr1.fsize.np128/20260520_185639/tsc/interval10000_fkerncopy_rkernnone_fsize512_rsize0/tsc_walks/w0000_ta10230;/astrum/home/hpchzy/code/data/20260520/cgnr6760pn2/outputAssessing/assess.expr1.fsize.np128/20260520_185639/tsc/interval10000_fkerncopy_rkernnone_fsize512_rsize0/tsc_walks/w0001_ta10053;/astrum/home/hpchzy/code/data/20260520/cgnr6760pn2/outputAssessing/assess.expr1.fsize.np128/20260520_185639/tsc/interval10000_fkerncopy_rkernnone_fsize512_rsize0/tsc_walks/w0002_ta10170,300,300,471.52666666666664,31.55910398019841,1050.5456750238195,0.04645125275013956,10151.0,10622.526666666667
cgnr6760pn2,assess.expr1.fsize.np128,20260520_185639,/astrum/home/hpchzy/code/data/20260520/cgnr6760pn2/outputAssessing/assess.expr1.fsize.np128/20260520_185639,True,tsc,10000,10.0,1024,none,copy,/astrum/home/hpchzy/code/data/20260520/cgnr6760pn2/outputAssessing/assess.expr1.fsize.np128/20260520_185639/tsc/interval10000_fkerncopy_rkernnone_fsize1024_rsize0/tsc_walks/w0000_ta10230;/astrum/home/hpchzy/code/data/20260520/cgnr6760pn2/outputAssessing/assess.expr1.fsize.np128/20260520_185639/tsc/interval10000_fkerncopy_rkernnone_fsize1024_rsize0/tsc_walks/w0001_ta10053;/astrum/home/hpchzy/code/data/20260520/cgnr6760pn2/outputAssessing/assess.expr1.fsize.np128/20260520_185639/tsc/interval10000_fkerncopy_rkernnone_fsize1024_rsize0/tsc_walks/w0002_ta10170,300,300,301.0366666666667,26.361597624562222,191.63908481779387,0.029655863133353038,10151.0,10452.036666666667
cgnr6760pn2,assess.expr1.fsize.np128,20260520_185639,/astrum/home/hpchzy/code/data/20260520/cgnr6760pn2/outputAssessing/assess.expr1.fsize.np128/20260520_185639,True,tsc,10000,10.0,2048,none,copy,/astrum/home/hpchzy/code/data/20260520/cgnr6760pn2/outputAssessing/assess.expr1.fsize.np128/20260520_185639/tsc/interval10000_fkerncopy_rkernnone_fsize2048_rsize0/tsc_walks/w0002_ta10170;/astrum/home/hpchzy/code/data/20260520/cgnr6760pn2/outputAssessing/assess.expr1.fsize.np128/20260520_185639/tsc/interval10000_fkerncopy_rkernnone_fsize2048_rsize0/tsc_walks/w0001_ta10053;/astrum/home/hpchzy/code/data/20260520/cgnr6760pn2/outputAssessing/assess.expr1.fsize.np128/20260520_185639/tsc/interval10000_fkerncopy_rkernnone_fsize2048_rsize0/tsc_walks/w0000_ta10230,300,300,159.73666666666668,43.359055719024504,209.75005930700266,0.015736052277279745,10151.0,10310.736666666666
cgnr6760pn2,assess.expr1.fsize.np128,20260520_185639,/astrum/home/hpchzy/code/data/20260520/cgnr6760pn2/outputAssessing/assess.expr1.fsize.np128/20260520_185639,True,tsc,10000,10.0,4096,none,copy,/astrum/home/hpchzy/code/data/20260520/cgnr6760pn2/outputAssessing/assess.expr1.fsize.np128/20260520_185639/tsc/interval10000_fkerncopy_rkernnone_fsize4096_rsize0/tsc_walks/w0002_ta10170;/astrum/home/hpchzy/code/data/20260520/cgnr6760pn2/outputAssessing/assess.expr1.fsize.np128/20260520_185639/tsc/interval10000_fkerncopy_rkernnone_fsize4096_rsize0/tsc_walks/w0000_ta10230;/astrum/home/hpchzy/code/data/20260520/cgnr6760pn2/outputAssessing/assess.expr1.fsize.np128/20260520_185639/tsc/interval10000_fkerncopy_rkernnone_fsize4096_rsize0/tsc_walks/w0001_ta10053,300,300,312.8333333333333,50.77035743016003,530.7532391148204,0.03081798180803205,10151.0,10463.833333333334
cgnr6760pn2,assess.expr1.fsize.np128,20260520_185639,/astrum/home/hpchzy/code/data/20260520/cgnr6760pn2/outputAssessing/assess.expr1.fsize.np128/20260520_185639,True,tsc,10000,10.0,8192,none,copy,/astrum/home/hpchzy/code/data/20260520/cgnr6760pn2/outputAssessing/assess.expr1.fsize.np128/20260520_185639/tsc/interval10000_fkerncopy_rkernnone_fsize8192_rsize0/tsc_walks/w0001_ta10053;/astrum/home/hpchzy/code/data/20260520/cgnr6760pn2/outputAssessing/assess.expr1.fsize.np128/20260520_185639/tsc/interval10000_fkerncopy_rkernnone_fsize8192_rsize0/tsc_walks/w0000_ta10230;/astrum/home/hpchzy/code/data/20260520/cgnr6760pn2/outputAssessing/assess.expr1.fsize.np128/20260520_185639/tsc/interval10000_fkerncopy_rkernnone_fsize8192_rsize0/tsc_walks/w0002_ta10170,300,300,550.46,142.33170809848437,1159.5512610439764,0.05422716973697173,10151.0,10701.46
cgnr6760pn2,assess.expr1.fsize.np128,20260520_185639,/astrum/home/hpchzy/code/data/20260520/cgnr6760pn2/outputAssessing/assess.expr1.fsize.np128/20260520_185639,True,tsc_asym,10000,10.0,16,none,copy,/astrum/home/hpchzy/code/data/20260520/cgnr6760pn2/outputAssessing/assess.expr1.fsize.np128/20260520_185639/tsc_asym/interval10000_fkerncopy_rkernnone_fsize16_rsize0/tsc_asym_walks/w0002_ta10170;/astrum/home/hpchzy/code/data/20260520/cgnr6760pn2/outputAssessing/assess.expr1.fsize.np128/20260520_185639/tsc_asym/interval10000_fkerncopy_rkernnone_fsize16_rsize0/tsc_asym_walks/w0000_ta10230;/astrum/home/hpchzy/code/data/20260520/cgnr6760pn2/outputAssessing/assess.expr1.fsize.np128/20260520_185639/tsc_asym/interval10000_fkerncopy_rkernnone_fsize16_rsize0/tsc_asym_walks/w0001_ta10053,300,300,18045.786666666667,36.569254641274675,1555.6008044916757,1.7777348701277378,10151.0,28196.786666666667
cgnr6760pn2,assess.expr1.fsize.np128,20260520_185639,/astrum/home/hpchzy/code/data/20260520/cgnr6760pn2/outputAssessing/assess.expr1.fsize.np128/20260520_185639,True,tsc_asym,10000,10.0,32,none,copy,/astrum/home/hpchzy/code/data/20260520/cgnr6760pn2/outputAssessing/assess.expr1.fsize.np128/20260520_185639/tsc_asym/interval10000_fkerncopy_rkernnone_fsize32_rsize0/tsc_asym_walks/w0002_ta10170;/astrum/home/hpchzy/code/data/20260520/cgnr6760pn2/outputAssessing/assess.expr1.fsize.np128/20260520_185639/tsc_asym/interval10000_fkerncopy_rkernnone_fsize32_rsize0/tsc_asym_walks/w0001_ta10053;/astrum/home/hpchzy/code/data/20260520/cgnr6760pn2/outputAssessing/assess.expr1.fsize.np128/20260520_185639/tsc_asym/interval10000_fkerncopy_rkernnone_fsize32_rsize0/tsc_asym_walks/w0000_ta10230,300,300,432.86,36.195156393134376,769.8027316641654,0.04264210422618461,10151.0,10583.86
cgnr6760pn2,assess.expr1.fsize.np128,20260520_185639,/astrum/home/hpchzy/code/data/20260520/cgnr6760pn2/outputAssessing/assess.expr1.fsize.np128/20260520_185639,True,tsc_asym,10000,10.0,64,none,copy,/astrum/home/hpchzy/code/data/20260520/cgnr6760pn2/outputAssessing/assess.expr1.fsize.np128/20260520_185639/tsc_asym/interval10000_fkerncopy_rkernnone_fsize64_rsize0/tsc_asym_walks/w0002_ta10170;/astrum/home/hpchzy/code/data/20260520/cgnr6760pn2/outputAssessing/assess.expr1.fsize.np128/20260520_185639/tsc_asym/interval10000_fkerncopy_rkernnone_fsize64_rsize0/tsc_asym_walks/w0000_ta10230;/astrum/home/hpchzy/code/data/20260520/cgnr6760pn2/outputAssessing/assess.expr1.fsize.np128/20260520_185639/tsc_asym/interval10000_fkerncopy_rkernnone_fsize64_rsize0/tsc_asym_walks/w0001_ta10053,300,300,9292.646666666667,35.60090314669303,528.9886794317365,0.9154415000164188,10151.0,19443.646666666667
cgnr6760pn2,assess.expr1.fsize.np128,20260520_185639,/astrum/home/hpchzy/code/data/20260520/cgnr6760pn2/outputAssessing/assess.expr1.fsize.np128/20260520_185639,True,tsc_asym,10000,10.0,128,none,copy,/astrum/home/hpchzy/code/data/20260520/cgnr6760pn2/outputAssessing/assess.expr1.fsize.np128/20260520_185639/tsc_asym/interval10000_fkerncopy_rkernnone_fsize128_rsize0/tsc_asym_walks/w0002_ta10170;/astrum/home/hpchzy/code/data/20260520/cgnr6760pn2/outputAssessing/assess.expr1.fsize.np128/20260520_185639/tsc_asym/interval10000_fkerncopy_rkernnone_fsize128_rsize0/tsc_asym_walks/w0001_ta10053;/astrum/home/hpchzy/code/data/20260520/cgnr6760pn2/outputAssessing/assess.expr1.fsize.np128/20260520_185639/tsc_asym/interval10000_fkerncopy_rkernnone_fsize128_rsize0/tsc_asym_walks/w0000_ta10230,300,300,508.08,34.02335620984757,398.00565954000297,0.050052211604768,10151.0,10659.08
cgnr6760pn2,assess.expr1.fsize.np128,20260520_185639,/astrum/home/hpchzy/code/data/20260520/cgnr6760pn2/outputAssessing/assess.expr1.fsize.np128/20260520_185639,True,tsc_asym,10000,10.0,256,none,copy,/astrum/home/hpchzy/code/data/20260520/cgnr6760pn2/outputAssessing/assess.expr1.fsize.np128/20260520_185639/tsc_asym/interval10000_fkerncopy_rkernnone_fsize256_rsize0/tsc_asym_walks/w0002_ta10170;/astrum/home/hpchzy/code/data/20260520/cgnr6760pn2/outputAssessing/assess.expr1.fsize.np128/20260520_185639/tsc_asym/interval10000_fkerncopy_rkernnone_fsize256_rsize0/tsc_asym_walks/w0001_ta10053;/astrum/home/hpchzy/code/data/20260520/cgnr6760pn2/outputAssessing/assess.expr1.fsize.np128/20260520_185639/tsc_asym/interval10000_fkerncopy_rkernnone_fsize256_rsize0/tsc_asym_walks/w0000_ta10230,300,300,3321.38,37.96313594543104,299.3228911337747,0.32719732046103833,10151.0,13472.38
cgnr6760pn2,assess.expr1.fsize.np128,20260520_185639,/astrum/home/hpchzy/code/data/20260520/cgnr6760pn2/outputAssessing/assess.expr1.fsize.np128/20260520_185639,True,tsc_asym,10000,10.0,512,none,copy,/astrum/home/hpchzy/code/data/20260520/cgnr6760pn2/outputAssessing/assess.expr1.fsize.np128/20260520_185639/tsc_asym/interval10000_fkerncopy_rkernnone_fsize512_rsize0/tsc_asym_walks/w0002_ta10170;/astrum/home/hpchzy/code/data/20260520/cgnr6760pn2/outputAssessing/assess.expr1.fsize.np128/20260520_185639/tsc_asym/interval10000_fkerncopy_rkernnone_fsize512_rsize0/tsc_asym_walks/w0001_ta10053;/astrum/home/hpchzy/code/data/20260520/cgnr6760pn2/outputAssessing/assess.expr1.fsize.np128/20260520_185639/tsc_asym/interval10000_fkerncopy_rkernnone_fsize512_rsize0/tsc_asym_walks/w0000_ta10230,300,300,6267.006666666667,54.30152107440942,164.10802119395473,0.6173782550159262,10151.0,16418.006666666668
cgnr6760pn2,assess.expr1.fsize.np128,20260520_185639,/astrum/home/hpchzy/code/data/20260520/cgnr6760pn2/outputAssessing/assess.expr1.fsize.np128/20260520_185639,True,tsc_asym,10000,10.0,1024,none,copy,/astrum/home/hpchzy/code/data/20260520/cgnr6760pn2/outputAssessing/assess.expr1.fsize.np128/20260520_185639/tsc_asym/interval10000_fkerncopy_rkernnone_fsize1024_rsize0/tsc_asym_walks/w0001_ta10053;/astrum/home/hpchzy/code/data/20260520/cgnr6760pn2/outputAssessing/assess.expr1.fsize.np128/20260520_185639/tsc_asym/interval10000_fkerncopy_rkernnone_fsize1024_rsize0/tsc_asym_walks/w0000_ta10230;/astrum/home/hpchzy/code/data/20260520/cgnr6760pn2/outputAssessing/assess.expr1.fsize.np128/20260520_185639/tsc_asym/interval10000_fkerncopy_rkernnone_fsize1024_rsize0/tsc_asym_walks/w0002_ta10170,300,300,504.42,57.1032014844691,948.8899128090338,0.0496916559944833,10151.0,10655.42
cgnr6760pn2,assess.expr1.fsize.np128,20260520_185639,/astrum/home/hpchzy/code/data/20260520/cgnr6760pn2/outputAssessing/assess.expr1.fsize.np128/20260520_185639,True,tsc_asym,10000,10.0,2048,none,copy,/astrum/home/hpchzy/code/data/20260520/cgnr6760pn2/outputAssessing/assess.expr1.fsize.np128/20260520_185639/tsc_asym/interval10000_fkerncopy_rkernnone_fsize2048_rsize0/tsc_asym_walks/w0001_ta10053;/astrum/home/hpchzy/code/data/20260520/cgnr6760pn2/outputAssessing/assess.expr1.fsize.np128/20260520_185639/tsc_asym/interval10000_fkerncopy_rkernnone_fsize2048_rsize0/tsc_asym_walks/w0000_ta10230;/astrum/home/hpchzy/code/data/20260520/cgnr6760pn2/outputAssessing/assess.expr1.fsize.np128/20260520_185639/tsc_asym/interval10000_fkerncopy_rkernnone_fsize2048_rsize0/tsc_asym_walks/w0002_ta10170,300,300,3634.5133333333333,39.19438035854212,465.1230653787894,0.3580448560076183,10151.0,13785.513333333334
cgnr6760pn2,assess.expr1.fsize.np128,20260520_185639,/astrum/home/hpchzy/code/data/20260520/cgnr6760pn2/outputAssessing/assess.expr1.fsize.np128/20260520_185639,True,tsc_asym,10000,10.0,4096,none,copy,/astrum/home/hpchzy/code/data/20260520/cgnr6760pn2/outputAssessing/assess.expr1.fsize.np128/20260520_185639/tsc_asym/interval10000_fkerncopy_rkernnone_fsize4096_rsize0/tsc_asym_walks/w0001_ta10053;/astrum/home/hpchzy/code/data/20260520/cgnr6760pn2/outputAssessing/assess.expr1.fsize.np128/20260520_185639/tsc_asym/interval10000_fkerncopy_rkernnone_fsize4096_rsize0/tsc_asym_walks/w0000_ta10230;/astrum/home/hpchzy/code/data/20260520/cgnr6760pn2/outputAssessing/assess.expr1.fsize.np128/20260520_185639/tsc_asym/interval10000_fkerncopy_rkernnone_fsize4096_rsize0/tsc_asym_walks/w0002_ta10170,300,300,407.54,51.722742334843566,610.8141266452303,0.04014776869273964,10151.0,10558.54
cgnr6760pn2,assess.expr1.fsize.np128,20260520_185639,/astrum/home/hpchzy/code/data/20260520/cgnr6760pn2/outputAssessing/assess.expr1.fsize.np128/20260520_185639,True,tsc_asym,10000,10.0,8192,none,copy,/astrum/home/hpchzy/code/data/20260520/cgnr6760pn2/outputAssessing/assess.expr1.fsize.np128/20260520_185639/tsc_asym/interval10000_fkerncopy_rkernnone_fsize8192_rsize0/tsc_asym_walks/w0000_ta10230;/astrum/home/hpchzy/code/data/20260520/cgnr6760pn2/outputAssessing/assess.expr1.fsize.np128/20260520_185639/tsc_asym/interval10000_fkerncopy_rkernnone_fsize8192_rsize0/tsc_asym_walks/w0001_ta10053;/astrum/home/hpchzy/code/data/20260520/cgnr6760pn2/outputAssessing/assess.expr1.fsize.np128/20260520_185639/tsc_asym/interval10000_fkerncopy_rkernnone_fsize8192_rsize0/tsc_asym_walks/w0002_ta10170,300,300,13092.8,46.509486231850765,567.1347053267962,1.2898039602009654,10151.0,23243.8
cgnr6760pn2,assess.expr1.fsize.np64,20260520_185305,/astrum/home/hpchzy/code/data/20260520/cgnr6760pn2/outputAssessing/assess.expr1.fsize.np64/20260520_185305,True,clock_gettime,10000,10.0,16,none,copy,/astrum/home/hpchzy/code/data/20260520/cgnr6760pn2/outputAssessing/assess.expr1.fsize.np64/20260520_185305/clock_gettime/interval10000_fkerncopy_rkernnone_fsize16_rsize0/clock_gettime_walks/w0001_ta10114;/astrum/home/hpchzy/code/data/20260520/cgnr6760pn2/outputAssessing/assess.expr1.fsize.np64/20260520_185305/clock_gettime/interval10000_fkerncopy_rkernnone_fsize16_rsize0/clock_gettime_walks/w0000_ta9835;/astrum/home/hpchzy/code/data/20260520/cgnr6760pn2/outputAssessing/assess.expr1.fsize.np64/20260520_185305/clock_gettime/interval10000_fkerncopy_rkernnone_fsize16_rsize0/clock_gettime_walks/w0002_ta10093,300,300,254.93333333333334,15.52217948344394,237.73043369723217,0.025457692563744094,10014.0,10268.933333333332
cgnr6760pn2,assess.expr1.fsize.np64,20260520_185305,/astrum/home/hpchzy/code/data/20260520/cgnr6760pn2/outputAssessing/assess.expr1.fsize.np64/20260520_185305,True,clock_gettime,10000,10.0,32,none,copy,/astrum/home/hpchzy/code/data/20260520/cgnr6760pn2/outputAssessing/assess.expr1.fsize.np64/20260520_185305/clock_gettime/interval10000_fkerncopy_rkernnone_fsize32_rsize0/clock_gettime_walks/w0002_ta10093;/astrum/home/hpchzy/code/data/20260520/cgnr6760pn2/outputAssessing/assess.expr1.fsize.np64/20260520_185305/clock_gettime/interval10000_fkerncopy_rkernnone_fsize32_rsize0/clock_gettime_walks/w0000_ta9835;/astrum/home/hpchzy/code/data/20260520/cgnr6760pn2/outputAssessing/assess.expr1.fsize.np64/20260520_185305/clock_gettime/interval10000_fkerncopy_rkernnone_fsize32_rsize0/clock_gettime_walks/w0001_ta10114,300,300,1581.7166666666667,16.173905080347588,1038.9229146142902,0.15795053591638372,10014.0,11595.716666666667
cgnr6760pn2,assess.expr1.fsize.np64,20260520_185305,/astrum/home/hpchzy/code/data/20260520/cgnr6760pn2/outputAssessing/assess.expr1.fsize.np64/20260520_185305,True,clock_gettime,10000,10.0,64,none,copy,/astrum/home/hpchzy/code/data/20260520/cgnr6760pn2/outputAssessing/assess.expr1.fsize.np64/20260520_185305/clock_gettime/interval10000_fkerncopy_rkernnone_fsize64_rsize0/clock_gettime_walks/w0001_ta10114;/astrum/home/hpchzy/code/data/20260520/cgnr6760pn2/outputAssessing/assess.expr1.fsize.np64/20260520_185305/clock_gettime/interval10000_fkerncopy_rkernnone_fsize64_rsize0/clock_gettime_walks/w0000_ta9835;/astrum/home/hpchzy/code/data/20260520/cgnr6760pn2/outputAssessing/assess.expr1.fsize.np64/20260520_185305/clock_gettime/interval10000_fkerncopy_rkernnone_fsize64_rsize0/clock_gettime_walks/w0002_ta10093,300,300,278.28333333333336,17.013056273817885,406.0704960761556,0.02778942813394581,10014.0,10292.283333333333
cgnr6760pn2,assess.expr1.fsize.np64,20260520_185305,/astrum/home/hpchzy/code/data/20260520/cgnr6760pn2/outputAssessing/assess.expr1.fsize.np64/20260520_185305,True,clock_gettime,10000,10.0,128,none,copy,/astrum/home/hpchzy/code/data/20260520/cgnr6760pn2/outputAssessing/assess.expr1.fsize.np64/20260520_185305/clock_gettime/interval10000_fkerncopy_rkernnone_fsize128_rsize0/clock_gettime_walks/w0002_ta10093;/astrum/home/hpchzy/code/data/20260520/cgnr6760pn2/outputAssessing/assess.expr1.fsize.np64/20260520_185305/clock_gettime/interval10000_fkerncopy_rkernnone_fsize128_rsize0/clock_gettime_walks/w0000_ta9835;/astrum/home/hpchzy/code/data/20260520/cgnr6760pn2/outputAssessing/assess.expr1.fsize.np64/20260520_185305/clock_gettime/interval10000_fkerncopy_rkernnone_fsize128_rsize0/clock_gettime_walks/w0001_ta10114,300,300,10928.643333333333,19.569368745996087,713.8731563104319,1.0913364622861328,10014.0,20942.643333333333
cgnr6760pn2,assess.expr1.fsize.np64,20260520_185305,/astrum/home/hpchzy/code/data/20260520/cgnr6760pn2/outputAssessing/assess.expr1.fsize.np64/20260520_185305,True,clock_gettime,10000,10.0,256,none,copy,/astrum/home/hpchzy/code/data/20260520/cgnr6760pn2/outputAssessing/assess.expr1.fsize.np64/20260520_185305/clock_gettime/interval10000_fkerncopy_rkernnone_fsize256_rsize0/clock_gettime_walks/w0002_ta10093;/astrum/home/hpchzy/code/data/20260520/cgnr6760pn2/outputAssessing/assess.expr1.fsize.np64/20260520_185305/clock_gettime/interval10000_fkerncopy_rkernnone_fsize256_rsize0/clock_gettime_walks/w0001_ta10114;/astrum/home/hpchzy/code/data/20260520/cgnr6760pn2/outputAssessing/assess.expr1.fsize.np64/20260520_185305/clock_gettime/interval10000_fkerncopy_rkernnone_fsize256_rsize0/clock_gettime_walks/w0000_ta9835,300,300,136.10333333333332,15.625986364484131,98.023509266671,0.013591305505625456,10014.0,10150.103333333333
cgnr6760pn2,assess.expr1.fsize.np64,20260520_185305,/astrum/home/hpchzy/code/data/20260520/cgnr6760pn2/outputAssessing/assess.expr1.fsize.np64/20260520_185305,True,clock_gettime,10000,10.0,512,none,copy,/astrum/home/hpchzy/code/data/20260520/cgnr6760pn2/outputAssessing/assess.expr1.fsize.np64/20260520_185305/clock_gettime/interval10000_fkerncopy_rkernnone_fsize512_rsize0/clock_gettime_walks/w0002_ta10093;/astrum/home/hpchzy/code/data/20260520/cgnr6760pn2/outputAssessing/assess.expr1.fsize.np64/20260520_185305/clock_gettime/interval10000_fkerncopy_rkernnone_fsize512_rsize0/clock_gettime_walks/w0000_ta9835;/astrum/home/hpchzy/code/data/20260520/cgnr6760pn2/outputAssessing/assess.expr1.fsize.np64/20260520_185305/clock_gettime/interval10000_fkerncopy_rkernnone_fsize512_rsize0/clock_gettime_walks/w0001_ta10114,300,300,236.95666666666668,16.618130127262262,315.8637943735102,0.023662539111909995,10014.0,10250.956666666667
cgnr6760pn2,assess.expr1.fsize.np64,20260520_185305,/astrum/home/hpchzy/code/data/20260520/cgnr6760pn2/outputAssessing/assess.expr1.fsize.np64/20260520_185305,True,clock_gettime,10000,10.0,1024,none,copy,/astrum/home/hpchzy/code/data/20260520/cgnr6760pn2/outputAssessing/assess.expr1.fsize.np64/20260520_185305/clock_gettime/interval10000_fkerncopy_rkernnone_fsize1024_rsize0/clock_gettime_walks/w0001_ta10114;/astrum/home/hpchzy/code/data/20260520/cgnr6760pn2/outputAssessing/assess.expr1.fsize.np64/20260520_185305/clock_gettime/interval10000_fkerncopy_rkernnone_fsize1024_rsize0/clock_gettime_walks/w0000_ta9835;/astrum/home/hpchzy/code/data/20260520/cgnr6760pn2/outputAssessing/assess.expr1.fsize.np64/20260520_185305/clock_gettime/interval10000_fkerncopy_rkernnone_fsize1024_rsize0/clock_gettime_walks/w0002_ta10093,300,300,707.0,16.181134102721394,350.473148115103,0.07060115837827043,10014.0,10721.0
cgnr6760pn2,assess.expr1.fsize.np64,20260520_185305,/astrum/home/hpchzy/code/data/20260520/cgnr6760pn2/outputAssessing/assess.expr1.fsize.np64/20260520_185305,True,clock_gettime,10000,10.0,2048,none,copy,/astrum/home/hpchzy/code/data/20260520/cgnr6760pn2/outputAssessing/assess.expr1.fsize.np64/20260520_185305/clock_gettime/interval10000_fkerncopy_rkernnone_fsize2048_rsize0/clock_gettime_walks/w0002_ta10093;/astrum/home/hpchzy/code/data/20260520/cgnr6760pn2/outputAssessing/assess.expr1.fsize.np64/20260520_185305/clock_gettime/interval10000_fkerncopy_rkernnone_fsize2048_rsize0/clock_gettime_walks/w0000_ta9835;/astrum/home/hpchzy/code/data/20260520/cgnr6760pn2/outputAssessing/assess.expr1.fsize.np64/20260520_185305/clock_gettime/interval10000_fkerncopy_rkernnone_fsize2048_rsize0/clock_gettime_walks/w0001_ta10114,300,300,263.07666666666665,21.935611357905756,340.81311645544804,0.026270887424272683,10014.0,10277.076666666666
cgnr6760pn2,assess.expr1.fsize.np64,20260520_185305,/astrum/home/hpchzy/code/data/20260520/cgnr6760pn2/outputAssessing/assess.expr1.fsize.np64/20260520_185305,True,clock_gettime,10000,10.0,4096,none,copy,/astrum/home/hpchzy/code/data/20260520/cgnr6760pn2/outputAssessing/assess.expr1.fsize.np64/20260520_185305/clock_gettime/interval10000_fkerncopy_rkernnone_fsize4096_rsize0/clock_gettime_walks/w0001_ta10114;/astrum/home/hpchzy/code/data/20260520/cgnr6760pn2/outputAssessing/assess.expr1.fsize.np64/20260520_185305/clock_gettime/interval10000_fkerncopy_rkernnone_fsize4096_rsize0/clock_gettime_walks/w0002_ta10093;/astrum/home/hpchzy/code/data/20260520/cgnr6760pn2/outputAssessing/assess.expr1.fsize.np64/20260520_185305/clock_gettime/interval10000_fkerncopy_rkernnone_fsize4096_rsize0/clock_gettime_walks/w0000_ta9835,300,300,279.6166666666667,28.386241680127792,344.4917696417418,0.027922575061580454,10014.0,10293.616666666667
cgnr6760pn2,assess.expr1.fsize.np64,20260520_185305,/astrum/home/hpchzy/code/data/20260520/cgnr6760pn2/outputAssessing/assess.expr1.fsize.np64/20260520_185305,True,clock_gettime,10000,10.0,8192,none,copy,/astrum/home/hpchzy/code/data/20260520/cgnr6760pn2/outputAssessing/assess.expr1.fsize.np64/20260520_185305/clock_gettime/interval10000_fkerncopy_rkernnone_fsize8192_rsize0/clock_gettime_walks/w0002_ta10093;/astrum/home/hpchzy/code/data/20260520/cgnr6760pn2/outputAssessing/assess.expr1.fsize.np64/20260520_185305/clock_gettime/interval10000_fkerncopy_rkernnone_fsize8192_rsize0/clock_gettime_walks/w0000_ta9835;/astrum/home/hpchzy/code/data/20260520/cgnr6760pn2/outputAssessing/assess.expr1.fsize.np64/20260520_185305/clock_gettime/interval10000_fkerncopy_rkernnone_fsize8192_rsize0/clock_gettime_walks/w0001_ta10114,300,300,464.43666666666667,41.018295888301665,635.9299235096258,0.04637873643565675,10014.0,10478.436666666666
cgnr6760pn2,assess.expr1.fsize.np64,20260520_185305,/astrum/home/hpchzy/code/data/20260520/cgnr6760pn2/outputAssessing/assess.expr1.fsize.np64/20260520_185305,True,mpi_wtime,10000,10.0,16,none,copy,/astrum/home/hpchzy/code/data/20260520/cgnr6760pn2/outputAssessing/assess.expr1.fsize.np64/20260520_185305/mpi_wtime/interval10000_fkerncopy_rkernnone_fsize16_rsize0/mpi_wtime_walks/w0001_ta10114;/astrum/home/hpchzy/code/data/20260520/cgnr6760pn2/outputAssessing/assess.expr1.fsize.np64/20260520_185305/mpi_wtime/interval10000_fkerncopy_rkernnone_fsize16_rsize0/mpi_wtime_walks/w0000_ta9835;/astrum/home/hpchzy/code/data/20260520/cgnr6760pn2/outputAssessing/assess.expr1.fsize.np64/20260520_185305/mpi_wtime/interval10000_fkerncopy_rkernnone_fsize16_rsize0/mpi_wtime_walks/w0002_ta10093,300,300,1269.5966666666666,14.631215551538507,795.0793313592801,0.12678217162638972,10014.0,11283.596666666666
cgnr6760pn2,assess.expr1.fsize.np64,20260520_185305,/astrum/home/hpchzy/code/data/20260520/cgnr6760pn2/outputAssessing/assess.expr1.fsize.np64/20260520_185305,True,mpi_wtime,10000,10.0,32,none,copy,/astrum/home/hpchzy/code/data/20260520/cgnr6760pn2/outputAssessing/assess.expr1.fsize.np64/20260520_185305/mpi_wtime/interval10000_fkerncopy_rkernnone_fsize32_rsize0/mpi_wtime_walks/w0001_ta10114;/astrum/home/hpchzy/code/data/20260520/cgnr6760pn2/outputAssessing/assess.expr1.fsize.np64/20260520_185305/mpi_wtime/interval10000_fkerncopy_rkernnone_fsize32_rsize0/mpi_wtime_walks/w0002_ta10093;/astrum/home/hpchzy/code/data/20260520/cgnr6760pn2/outputAssessing/assess.expr1.fsize.np64/20260520_185305/mpi_wtime/interval10000_fkerncopy_rkernnone_fsize32_rsize0/mpi_wtime_walks/w0000_ta9835,300,300,994.2133333333334,15.806058471582348,823.3381806632153,0.09928233806004927,10014.0,11008.213333333333
cgnr6760pn2,assess.expr1.fsize.np64,20260520_185305,/astrum/home/hpchzy/code/data/20260520/cgnr6760pn2/outputAssessing/assess.expr1.fsize.np64/20260520_185305,True,mpi_wtime,10000,10.0,64,none,copy,/astrum/home/hpchzy/code/data/20260520/cgnr6760pn2/outputAssessing/assess.expr1.fsize.np64/20260520_185305/mpi_wtime/interval10000_fkerncopy_rkernnone_fsize64_rsize0/mpi_wtime_walks/w0002_ta10093;/astrum/home/hpchzy/code/data/20260520/cgnr6760pn2/outputAssessing/assess.expr1.fsize.np64/20260520_185305/mpi_wtime/interval10000_fkerncopy_rkernnone_fsize64_rsize0/mpi_wtime_walks/w0000_ta9835;/astrum/home/hpchzy/code/data/20260520/cgnr6760pn2/outputAssessing/assess.expr1.fsize.np64/20260520_185305/mpi_wtime/interval10000_fkerncopy_rkernnone_fsize64_rsize0/mpi_wtime_walks/w0001_ta10114,300,300,205.13,15.181625595471607,234.65685266477544,0.02048432194927102,10014.0,10219.13
cgnr6760pn2,assess.expr1.fsize.np64,20260520_185305,/astrum/home/hpchzy/code/data/20260520/cgnr6760pn2/outputAssessing/assess.expr1.fsize.np64/20260520_185305,True,mpi_wtime,10000,10.0,128,none,copy,/astrum/home/hpchzy/code/data/20260520/cgnr6760pn2/outputAssessing/assess.expr1.fsize.np64/20260520_185305/mpi_wtime/interval10000_fkerncopy_rkernnone_fsize128_rsize0/mpi_wtime_walks/w0001_ta10114;/astrum/home/hpchzy/code/data/20260520/cgnr6760pn2/outputAssessing/assess.expr1.fsize.np64/20260520_185305/mpi_wtime/interval10000_fkerncopy_rkernnone_fsize128_rsize0/mpi_wtime_walks/w0000_ta9835;/astrum/home/hpchzy/code/data/20260520/cgnr6760pn2/outputAssessing/assess.expr1.fsize.np64/20260520_185305/mpi_wtime/interval10000_fkerncopy_rkernnone_fsize128_rsize0/mpi_wtime_walks/w0002_ta10093,300,300,1170.53,18.503900623300105,855.4047161668383,0.11688935490313561,10014.0,11184.53
cgnr6760pn2,assess.expr1.fsize.np64,20260520_185305,/astrum/home/hpchzy/code/data/20260520/cgnr6760pn2/outputAssessing/assess.expr1.fsize.np64/20260520_185305,True,mpi_wtime,10000,10.0,256,none,copy,/astrum/home/hpchzy/code/data/20260520/cgnr6760pn2/outputAssessing/assess.expr1.fsize.np64/20260520_185305/mpi_wtime/interval10000_fkerncopy_rkernnone_fsize256_rsize0/mpi_wtime_walks/w0002_ta10093;/astrum/home/hpchzy/code/data/20260520/cgnr6760pn2/outputAssessing/assess.expr1.fsize.np64/20260520_185305/mpi_wtime/interval10000_fkerncopy_rkernnone_fsize256_rsize0/mpi_wtime_walks/w0000_ta9835;/astrum/home/hpchzy/code/data/20260520/cgnr6760pn2/outputAssessing/assess.expr1.fsize.np64/20260520_185305/mpi_wtime/interval10000_fkerncopy_rkernnone_fsize256_rsize0/mpi_wtime_walks/w0001_ta10114,300,300,394.2133333333333,17.764219162269317,585.5155325104406,0.03936622062445909,10014.0,10408.213333333333
cgnr6760pn2,assess.expr1.fsize.np64,20260520_185305,/astrum/home/hpchzy/code/data/20260520/cgnr6760pn2/outputAssessing/assess.expr1.fsize.np64/20260520_185305,True,mpi_wtime,10000,10.0,512,none,copy,/astrum/home/hpchzy/code/data/20260520/cgnr6760pn2/outputAssessing/assess.expr1.fsize.np64/20260520_185305/mpi_wtime/interval10000_fkerncopy_rkernnone_fsize512_rsize0/mpi_wtime_walks/w0002_ta10093;/astrum/home/hpchzy/code/data/20260520/cgnr6760pn2/outputAssessing/assess.expr1.fsize.np64/20260520_185305/mpi_wtime/interval10000_fkerncopy_rkernnone_fsize512_rsize0/mpi_wtime_walks/w0000_ta9835;/astrum/home/hpchzy/code/data/20260520/cgnr6760pn2/outputAssessing/assess.expr1.fsize.np64/20260520_185305/mpi_wtime/interval10000_fkerncopy_rkernnone_fsize512_rsize0/mpi_wtime_walks/w0001_ta10114,300,300,921.86,14.91025356416659,312.43924550847726,0.09205712003195526,10014.0,10935.86
cgnr6760pn2,assess.expr1.fsize.np64,20260520_185305,/astrum/home/hpchzy/code/data/20260520/cgnr6760pn2/outputAssessing/assess.expr1.fsize.np64/20260520_185305,True,mpi_wtime,10000,10.0,1024,none,copy,/astrum/home/hpchzy/code/data/20260520/cgnr6760pn2/outputAssessing/assess.expr1.fsize.np64/20260520_185305/mpi_wtime/interval10000_fkerncopy_rkernnone_fsize1024_rsize0/mpi_wtime_walks/w0002_ta10093;/astrum/home/hpchzy/code/data/20260520/cgnr6760pn2/outputAssessing/assess.expr1.fsize.np64/20260520_185305/mpi_wtime/interval10000_fkerncopy_rkernnone_fsize1024_rsize0/mpi_wtime_walks/w0000_ta9835;/astrum/home/hpchzy/code/data/20260520/cgnr6760pn2/outputAssessing/assess.expr1.fsize.np64/20260520_185305/mpi_wtime/interval10000_fkerncopy_rkernnone_fsize1024_rsize0/mpi_wtime_walks/w0001_ta10114,300,300,337.97,16.76653330348507,464.32548753243054,0.033749750349510686,10014.0,10351.97
cgnr6760pn2,assess.expr1.fsize.np64,20260520_185305,/astrum/home/hpchzy/code/data/20260520/cgnr6760pn2/outputAssessing/assess.expr1.fsize.np64/20260520_185305,True,mpi_wtime,10000,10.0,2048,none,copy,/astrum/home/hpchzy/code/data/20260520/cgnr6760pn2/outputAssessing/assess.expr1.fsize.np64/20260520_185305/mpi_wtime/interval10000_fkerncopy_rkernnone_fsize2048_rsize0/mpi_wtime_walks/w0001_ta10114;/astrum/home/hpchzy/code/data/20260520/cgnr6760pn2/outputAssessing/assess.expr1.fsize.np64/20260520_185305/mpi_wtime/interval10000_fkerncopy_rkernnone_fsize2048_rsize0/mpi_wtime_walks/w0000_ta9835;/astrum/home/hpchzy/code/data/20260520/cgnr6760pn2/outputAssessing/assess.expr1.fsize.np64/20260520_185305/mpi_wtime/interval10000_fkerncopy_rkernnone_fsize2048_rsize0/mpi_wtime_walks/w0002_ta10093,300,300,402.1666666666667,75.20098274451095,356.3436970265874,0.04016044204779975,10014.0,10416.166666666666
cgnr6760pn2,assess.expr1.fsize.np64,20260520_185305,/astrum/home/hpchzy/code/data/20260520/cgnr6760pn2/outputAssessing/assess.expr1.fsize.np64/20260520_185305,True,mpi_wtime,10000,10.0,4096,none,copy,/astrum/home/hpchzy/code/data/20260520/cgnr6760pn2/outputAssessing/assess.expr1.fsize.np64/20260520_185305/mpi_wtime/interval10000_fkerncopy_rkernnone_fsize4096_rsize0/mpi_wtime_walks/w0001_ta10114;/astrum/home/hpchzy/code/data/20260520/cgnr6760pn2/outputAssessing/assess.expr1.fsize.np64/20260520_185305/mpi_wtime/interval10000_fkerncopy_rkernnone_fsize4096_rsize0/mpi_wtime_walks/w0000_ta9835;/astrum/home/hpchzy/code/data/20260520/cgnr6760pn2/outputAssessing/assess.expr1.fsize.np64/20260520_185305/mpi_wtime/interval10000_fkerncopy_rkernnone_fsize4096_rsize0/mpi_wtime_walks/w0002_ta10093,300,300,394.48333333333335,53.834980479885076,434.90937456981584,0.03939318287730511,10014.0,10408.483333333334
cgnr6760pn2,assess.expr1.fsize.np64,20260520_185305,/astrum/home/hpchzy/code/data/20260520/cgnr6760pn2/outputAssessing/assess.expr1.fsize.np64/20260520_185305,True,mpi_wtime,10000,10.0,8192,none,copy,/astrum/home/hpchzy/code/data/20260520/cgnr6760pn2/outputAssessing/assess.expr1.fsize.np64/20260520_185305/mpi_wtime/interval10000_fkerncopy_rkernnone_fsize8192_rsize0/mpi_wtime_walks/w0002_ta10093;/astrum/home/hpchzy/code/data/20260520/cgnr6760pn2/outputAssessing/assess.expr1.fsize.np64/20260520_185305/mpi_wtime/interval10000_fkerncopy_rkernnone_fsize8192_rsize0/mpi_wtime_walks/w0001_ta10114;/astrum/home/hpchzy/code/data/20260520/cgnr6760pn2/outputAssessing/assess.expr1.fsize.np64/20260520_185305/mpi_wtime/interval10000_fkerncopy_rkernnone_fsize8192_rsize0/mpi_wtime_walks/w0000_ta9835,300,300,795.6333333333333,189.7346386038653,828.1511014882087,0.07945210039278344,10014.0,10809.633333333333
cgnr6760pn2,assess.expr1.fsize.np64,20260520_185423,/astrum/home/hpchzy/code/data/20260520/cgnr6760pn2/outputAssessing/assess.expr1.fsize.np64/20260520_185423,False,tsc,10000,10.0,16,none,copy,/astrum/home/hpchzy/code/data/20260520/cgnr6760pn2/outputAssessing/assess.expr1.fsize.np64/20260520_185423/tsc/interval10000_fkerncopy_rkernnone_fsize16_rsize0/tsc_walks/w0002_ta10093;/astrum/home/hpchzy/code/data/20260520/cgnr6760pn2/outputAssessing/assess.expr1.fsize.np64/20260520_185423/tsc/interval10000_fkerncopy_rkernnone_fsize16_rsize0/tsc_walks/w0000_ta9835;/astrum/home/hpchzy/code/data/20260520/cgnr6760pn2/outputAssessing/assess.expr1.fsize.np64/20260520_185423/tsc/interval10000_fkerncopy_rkernnone_fsize16_rsize0/tsc_walks/w0001_ta10114,300,300,171.26666666666668,14.947249421868552,114.54340588466201,0.01710272285467013,10014.0,10185.266666666666
cgnr6760pn2,assess.expr1.fsize.np64,20260520_185305,/astrum/home/hpchzy/code/data/20260520/cgnr6760pn2/outputAssessing/assess.expr1.fsize.np64/20260520_185305,True,tsc,10000,10.0,32,none,copy,/astrum/home/hpchzy/code/data/20260520/cgnr6760pn2/outputAssessing/assess.expr1.fsize.np64/20260520_185305/tsc/interval10000_fkerncopy_rkernnone_fsize32_rsize0/tsc_walks/w0001_ta10114;/astrum/home/hpchzy/code/data/20260520/cgnr6760pn2/outputAssessing/assess.expr1.fsize.np64/20260520_185305/tsc/interval10000_fkerncopy_rkernnone_fsize32_rsize0/tsc_walks/w0000_ta9835;/astrum/home/hpchzy/code/data/20260520/cgnr6760pn2/outputAssessing/assess.expr1.fsize.np64/20260520_185305/tsc/interval10000_fkerncopy_rkernnone_fsize32_rsize0/tsc_walks/w0002_ta10093,300,300,801.0266666666666,16.25979532035107,352.2765927595197,0.07999067971506557,10014.0,10815.026666666667
cgnr6760pn2,assess.expr1.fsize.np64,20260520_185305,/astrum/home/hpchzy/code/data/20260520/cgnr6760pn2/outputAssessing/assess.expr1.fsize.np64/20260520_185305,True,tsc,10000,10.0,64,none,copy,/astrum/home/hpchzy/code/data/20260520/cgnr6760pn2/outputAssessing/assess.expr1.fsize.np64/20260520_185305/tsc/interval10000_fkerncopy_rkernnone_fsize64_rsize0/tsc_walks/w0001_ta10114;/astrum/home/hpchzy/code/data/20260520/cgnr6760pn2/outputAssessing/assess.expr1.fsize.np64/20260520_185305/tsc/interval10000_fkerncopy_rkernnone_fsize64_rsize0/tsc_walks/w0000_ta9835;/astrum/home/hpchzy/code/data/20260520/cgnr6760pn2/outputAssessing/assess.expr1.fsize.np64/20260520_185305/tsc/interval10000_fkerncopy_rkernnone_fsize64_rsize0/tsc_walks/w0002_ta10093,300,300,488.5966666666667,15.308381428113876,411.0647414061866,0.04879135876439651,10014.0,10502.596666666666
cgnr6760pn2,assess.expr1.fsize.np64,20260520_185305,/astrum/home/hpchzy/code/data/20260520/cgnr6760pn2/outputAssessing/assess.expr1.fsize.np64/20260520_185305,True,tsc,10000,10.0,128,none,copy,/astrum/home/hpchzy/code/data/20260520/cgnr6760pn2/outputAssessing/assess.expr1.fsize.np64/20260520_185305/tsc/interval10000_fkerncopy_rkernnone_fsize128_rsize0/tsc_walks/w0000_ta9835;/astrum/home/hpchzy/code/data/20260520/cgnr6760pn2/outputAssessing/assess.expr1.fsize.np64/20260520_185305/tsc/interval10000_fkerncopy_rkernnone_fsize128_rsize0/tsc_walks/w0002_ta10093;/astrum/home/hpchzy/code/data/20260520/cgnr6760pn2/outputAssessing/assess.expr1.fsize.np64/20260520_185305/tsc/interval10000_fkerncopy_rkernnone_fsize128_rsize0/tsc_walks/w0001_ta10114,300,300,403.54333333333335,16.089252228641268,723.0277853782867,0.040297916250582516,10014.0,10417.543333333333
cgnr6760pn2,assess.expr1.fsize.np64,20260520_185305,/astrum/home/hpchzy/code/data/20260520/cgnr6760pn2/outputAssessing/assess.expr1.fsize.np64/20260520_185305,True,tsc,10000,10.0,256,none,copy,/astrum/home/hpchzy/code/data/20260520/cgnr6760pn2/outputAssessing/assess.expr1.fsize.np64/20260520_185305/tsc/interval10000_fkerncopy_rkernnone_fsize256_rsize0/tsc_walks/w0000_ta9835;/astrum/home/hpchzy/code/data/20260520/cgnr6760pn2/outputAssessing/assess.expr1.fsize.np64/20260520_185305/tsc/interval10000_fkerncopy_rkernnone_fsize256_rsize0/tsc_walks/w0002_ta10093;/astrum/home/hpchzy/code/data/20260520/cgnr6760pn2/outputAssessing/assess.expr1.fsize.np64/20260520_185305/tsc/interval10000_fkerncopy_rkernnone_fsize256_rsize0/tsc_walks/w0001_ta10114,300,300,1184.8833333333334,18.077331366170622,1496.8713100952289,0.11832268157912257,10014.0,11198.883333333333
cgnr6760pn2,assess.expr1.fsize.np64,20260520_185305,/astrum/home/hpchzy/code/data/20260520/cgnr6760pn2/outputAssessing/assess.expr1.fsize.np64/20260520_185305,True,tsc,10000,10.0,512,none,copy,/astrum/home/hpchzy/code/data/20260520/cgnr6760pn2/outputAssessing/assess.expr1.fsize.np64/20260520_185305/tsc/interval10000_fkerncopy_rkernnone_fsize512_rsize0/tsc_walks/w0001_ta10114;/astrum/home/hpchzy/code/data/20260520/cgnr6760pn2/outputAssessing/assess.expr1.fsize.np64/20260520_185305/tsc/interval10000_fkerncopy_rkernnone_fsize512_rsize0/tsc_walks/w0000_ta9835;/astrum/home/hpchzy/code/data/20260520/cgnr6760pn2/outputAssessing/assess.expr1.fsize.np64/20260520_185305/tsc/interval10000_fkerncopy_rkernnone_fsize512_rsize0/tsc_walks/w0002_ta10093,300,300,485.18666666666667,15.55729244531014,582.5501675982714,0.048450835496970907,10014.0,10499.186666666666
cgnr6760pn2,assess.expr1.fsize.np64,20260520_185305,/astrum/home/hpchzy/code/data/20260520/cgnr6760pn2/outputAssessing/assess.expr1.fsize.np64/20260520_185305,True,tsc,10000,10.0,1024,none,copy,/astrum/home/hpchzy/code/data/20260520/cgnr6760pn2/outputAssessing/assess.expr1.fsize.np64/20260520_185305/tsc/interval10000_fkerncopy_rkernnone_fsize1024_rsize0/tsc_walks/w0002_ta10093;/astrum/home/hpchzy/code/data/20260520/cgnr6760pn2/outputAssessing/assess.expr1.fsize.np64/20260520_185305/tsc/interval10000_fkerncopy_rkernnone_fsize1024_rsize0/tsc_walks/w0001_ta10114;/astrum/home/hpchzy/code/data/20260520/cgnr6760pn2/outputAssessing/assess.expr1.fsize.np64/20260520_185305/tsc/interval10000_fkerncopy_rkernnone_fsize1024_rsize0/tsc_walks/w0000_ta9835,300,300,254.60333333333332,16.158920698683854,321.4806015221028,0.025424738699154518,10014.0,10268.603333333333
cgnr6760pn2,assess.expr1.fsize.np64,20260520_185305,/astrum/home/hpchzy/code/data/20260520/cgnr6760pn2/outputAssessing/assess.expr1.fsize.np64/20260520_185305,True,tsc,10000,10.0,2048,none,copy,/astrum/home/hpchzy/code/data/20260520/cgnr6760pn2/outputAssessing/assess.expr1.fsize.np64/20260520_185305/tsc/interval10000_fkerncopy_rkernnone_fsize2048_rsize0/tsc_walks/w0002_ta10093;/astrum/home/hpchzy/code/data/20260520/cgnr6760pn2/outputAssessing/assess.expr1.fsize.np64/20260520_185305/tsc/interval10000_fkerncopy_rkernnone_fsize2048_rsize0/tsc_walks/w0001_ta10114;/astrum/home/hpchzy/code/data/20260520/cgnr6760pn2/outputAssessing/assess.expr1.fsize.np64/20260520_185305/tsc/interval10000_fkerncopy_rkernnone_fsize2048_rsize0/tsc_walks/w0000_ta9835,300,300,397.21,35.13939059996822,589.538374443111,0.03966546834431795,10014.0,10411.21
cgnr6760pn2,assess.expr1.fsize.np64,20260520_185305,/astrum/home/hpchzy/code/data/20260520/cgnr6760pn2/outputAssessing/assess.expr1.fsize.np64/20260520_185305,True,tsc,10000,10.0,4096,none,copy,/astrum/home/hpchzy/code/data/20260520/cgnr6760pn2/outputAssessing/assess.expr1.fsize.np64/20260520_185305/tsc/interval10000_fkerncopy_rkernnone_fsize4096_rsize0/tsc_walks/w0001_ta10114;/astrum/home/hpchzy/code/data/20260520/cgnr6760pn2/outputAssessing/assess.expr1.fsize.np64/20260520_185305/tsc/interval10000_fkerncopy_rkernnone_fsize4096_rsize0/tsc_walks/w0000_ta9835;/astrum/home/hpchzy/code/data/20260520/cgnr6760pn2/outputAssessing/assess.expr1.fsize.np64/20260520_185305/tsc/interval10000_fkerncopy_rkernnone_fsize4096_rsize0/tsc_walks/w0002_ta10093,300,300,294.55333333333334,29.42158810386408,487.6605940027944,0.029414153518407562,10014.0,10308.553333333333
cgnr6760pn2,assess.expr1.fsize.np64,20260520_185305,/astrum/home/hpchzy/code/data/20260520/cgnr6760pn2/outputAssessing/assess.expr1.fsize.np64/20260520_185305,True,tsc,10000,10.0,8192,none,copy,/astrum/home/hpchzy/code/data/20260520/cgnr6760pn2/outputAssessing/assess.expr1.fsize.np64/20260520_185305/tsc/interval10000_fkerncopy_rkernnone_fsize8192_rsize0/tsc_walks/w0001_ta10114;/astrum/home/hpchzy/code/data/20260520/cgnr6760pn2/outputAssessing/assess.expr1.fsize.np64/20260520_185305/tsc/interval10000_fkerncopy_rkernnone_fsize8192_rsize0/tsc_walks/w0000_ta9835;/astrum/home/hpchzy/code/data/20260520/cgnr6760pn2/outputAssessing/assess.expr1.fsize.np64/20260520_185305/tsc/interval10000_fkerncopy_rkernnone_fsize8192_rsize0/tsc_walks/w0002_ta10093,300,300,415.26666666666665,76.99338835427723,641.2423175864045,0.04146861061181013,10014.0,10429.266666666666
cgnr6760pn2,assess.expr1.fsize.np64,20260520_185305,/astrum/home/hpchzy/code/data/20260520/cgnr6760pn2/outputAssessing/assess.expr1.fsize.np64/20260520_185305,True,tsc_asym,10000,10.0,16,none,copy,/astrum/home/hpchzy/code/data/20260520/cgnr6760pn2/outputAssessing/assess.expr1.fsize.np64/20260520_185305/tsc_asym/interval10000_fkerncopy_rkernnone_fsize16_rsize0/tsc_asym_walks/w0002_ta10093;/astrum/home/hpchzy/code/data/20260520/cgnr6760pn2/outputAssessing/assess.expr1.fsize.np64/20260520_185305/tsc_asym/interval10000_fkerncopy_rkernnone_fsize16_rsize0/tsc_asym_walks/w0000_ta9835;/astrum/home/hpchzy/code/data/20260520/cgnr6760pn2/outputAssessing/assess.expr1.fsize.np64/20260520_185305/tsc_asym/interval10000_fkerncopy_rkernnone_fsize16_rsize0/tsc_asym_walks/w0001_ta10114,300,300,613.9666666666667,16.924235098559443,396.5919853073222,0.061310831502563085,10014.0,10627.966666666667
cgnr6760pn2,assess.expr1.fsize.np64,20260520_185305,/astrum/home/hpchzy/code/data/20260520/cgnr6760pn2/outputAssessing/assess.expr1.fsize.np64/20260520_185305,True,tsc_asym,10000,10.0,32,none,copy,/astrum/home/hpchzy/code/data/20260520/cgnr6760pn2/outputAssessing/assess.expr1.fsize.np64/20260520_185305/tsc_asym/interval10000_fkerncopy_rkernnone_fsize32_rsize0/tsc_asym_walks/w0001_ta10114;/astrum/home/hpchzy/code/data/20260520/cgnr6760pn2/outputAssessing/assess.expr1.fsize.np64/20260520_185305/tsc_asym/interval10000_fkerncopy_rkernnone_fsize32_rsize0/tsc_asym_walks/w0000_ta9835;/astrum/home/hpchzy/code/data/20260520/cgnr6760pn2/outputAssessing/assess.expr1.fsize.np64/20260520_185305/tsc_asym/interval10000_fkerncopy_rkernnone_fsize32_rsize0/tsc_asym_walks/w0002_ta10093,300,300,445.08,19.105143558327658,484.52711152956437,0.044445775913720786,10014.0,10459.08
cgnr6760pn2,assess.expr1.fsize.np64,20260520_185305,/astrum/home/hpchzy/code/data/20260520/cgnr6760pn2/outputAssessing/assess.expr1.fsize.np64/20260520_185305,True,tsc_asym,10000,10.0,64,none,copy,/astrum/home/hpchzy/code/data/20260520/cgnr6760pn2/outputAssessing/assess.expr1.fsize.np64/20260520_185305/tsc_asym/interval10000_fkerncopy_rkernnone_fsize64_rsize0/tsc_asym_walks/w0002_ta10093;/astrum/home/hpchzy/code/data/20260520/cgnr6760pn2/outputAssessing/assess.expr1.fsize.np64/20260520_185305/tsc_asym/interval10000_fkerncopy_rkernnone_fsize64_rsize0/tsc_asym_walks/w0000_ta9835;/astrum/home/hpchzy/code/data/20260520/cgnr6760pn2/outputAssessing/assess.expr1.fsize.np64/20260520_185305/tsc_asym/interval10000_fkerncopy_rkernnone_fsize64_rsize0/tsc_asym_walks/w0001_ta10114,300,300,460.1333333333333,19.14233008902567,261.8378310398677,0.04594900472671593,10014.0,10474.133333333333
cgnr6760pn2,assess.expr1.fsize.np64,20260520_185305,/astrum/home/hpchzy/code/data/20260520/cgnr6760pn2/outputAssessing/assess.expr1.fsize.np64/20260520_185305,True,tsc_asym,10000,10.0,128,none,copy,/astrum/home/hpchzy/code/data/20260520/cgnr6760pn2/outputAssessing/assess.expr1.fsize.np64/20260520_185305/tsc_asym/interval10000_fkerncopy_rkernnone_fsize128_rsize0/tsc_asym_walks/w0002_ta10093;/astrum/home/hpchzy/code/data/20260520/cgnr6760pn2/outputAssessing/assess.expr1.fsize.np64/20260520_185305/tsc_asym/interval10000_fkerncopy_rkernnone_fsize128_rsize0/tsc_asym_walks/w0000_ta9835;/astrum/home/hpchzy/code/data/20260520/cgnr6760pn2/outputAssessing/assess.expr1.fsize.np64/20260520_185305/tsc_asym/interval10000_fkerncopy_rkernnone_fsize128_rsize0/tsc_asym_walks/w0001_ta10114,300,300,532.88,19.491660231287543,255.91003189569426,0.05321350109846215,10014.0,10546.88
cgnr6760pn2,assess.expr1.fsize.np64,20260520_185305,/astrum/home/hpchzy/code/data/20260520/cgnr6760pn2/outputAssessing/assess.expr1.fsize.np64/20260520_185305,True,tsc_asym,10000,10.0,256,none,copy,/astrum/home/hpchzy/code/data/20260520/cgnr6760pn2/outputAssessing/assess.expr1.fsize.np64/20260520_185305/tsc_asym/interval10000_fkerncopy_rkernnone_fsize256_rsize0/tsc_asym_walks/w0001_ta10114;/astrum/home/hpchzy/code/data/20260520/cgnr6760pn2/outputAssessing/assess.expr1.fsize.np64/20260520_185305/tsc_asym/interval10000_fkerncopy_rkernnone_fsize256_rsize0/tsc_asym_walks/w0000_ta9835;/astrum/home/hpchzy/code/data/20260520/cgnr6760pn2/outputAssessing/assess.expr1.fsize.np64/20260520_185305/tsc_asym/interval10000_fkerncopy_rkernnone_fsize256_rsize0/tsc_asym_walks/w0002_ta10093,300,300,2254.84,17.558241348012515,305.30703878751274,0.22516876373077693,10014.0,12268.84
cgnr6760pn2,assess.expr1.fsize.np64,20260520_185305,/astrum/home/hpchzy/code/data/20260520/cgnr6760pn2/outputAssessing/assess.expr1.fsize.np64/20260520_185305,True,tsc_asym,10000,10.0,512,none,copy,/astrum/home/hpchzy/code/data/20260520/cgnr6760pn2/outputAssessing/assess.expr1.fsize.np64/20260520_185305/tsc_asym/interval10000_fkerncopy_rkernnone_fsize512_rsize0/tsc_asym_walks/w0000_ta9835;/astrum/home/hpchzy/code/data/20260520/cgnr6760pn2/outputAssessing/assess.expr1.fsize.np64/20260520_185305/tsc_asym/interval10000_fkerncopy_rkernnone_fsize512_rsize0/tsc_asym_walks/w0001_ta10114;/astrum/home/hpchzy/code/data/20260520/cgnr6760pn2/outputAssessing/assess.expr1.fsize.np64/20260520_185305/tsc_asym/interval10000_fkerncopy_rkernnone_fsize512_rsize0/tsc_asym_walks/w0002_ta10093,300,300,262.5133333333333,18.424382701306328,184.8453358093051,0.026214632847347045,10014.0,10276.513333333334
cgnr6760pn2,assess.expr1.fsize.np64,20260520_185305,/astrum/home/hpchzy/code/data/20260520/cgnr6760pn2/outputAssessing/assess.expr1.fsize.np64/20260520_185305,True,tsc_asym,10000,10.0,1024,none,copy,/astrum/home/hpchzy/code/data/20260520/cgnr6760pn2/outputAssessing/assess.expr1.fsize.np64/20260520_185305/tsc_asym/interval10000_fkerncopy_rkernnone_fsize1024_rsize0/tsc_asym_walks/w0002_ta10093;/astrum/home/hpchzy/code/data/20260520/cgnr6760pn2/outputAssessing/assess.expr1.fsize.np64/20260520_185305/tsc_asym/interval10000_fkerncopy_rkernnone_fsize1024_rsize0/tsc_asym_walks/w0000_ta9835;/astrum/home/hpchzy/code/data/20260520/cgnr6760pn2/outputAssessing/assess.expr1.fsize.np64/20260520_185305/tsc_asym/interval10000_fkerncopy_rkernnone_fsize1024_rsize0/tsc_asym_walks/w0001_ta10114,300,300,279.96666666666664,18.150940411464507,188.0231599265747,0.027957526130084547,10014.0,10293.966666666667
cgnr6760pn2,assess.expr1.fsize.np64,20260520_185305,/astrum/home/hpchzy/code/data/20260520/cgnr6760pn2/outputAssessing/assess.expr1.fsize.np64/20260520_185305,True,tsc_asym,10000,10.0,2048,none,copy,/astrum/home/hpchzy/code/data/20260520/cgnr6760pn2/outputAssessing/assess.expr1.fsize.np64/20260520_185305/tsc_asym/interval10000_fkerncopy_rkernnone_fsize2048_rsize0/tsc_asym_walks/w0002_ta10093;/astrum/home/hpchzy/code/data/20260520/cgnr6760pn2/outputAssessing/assess.expr1.fsize.np64/20260520_185305/tsc_asym/interval10000_fkerncopy_rkernnone_fsize2048_rsize0/tsc_asym_walks/w0001_ta10114;/astrum/home/hpchzy/code/data/20260520/cgnr6760pn2/outputAssessing/assess.expr1.fsize.np64/20260520_185305/tsc_asym/interval10000_fkerncopy_rkernnone_fsize2048_rsize0/tsc_asym_walks/w0000_ta9835,300,300,492.3666666666667,27.39793322521774,434.15899959570925,0.04916783170228347,10014.0,10506.366666666667
cgnr6760pn2,assess.expr1.fsize.np64,20260520_185305,/astrum/home/hpchzy/code/data/20260520/cgnr6760pn2/outputAssessing/assess.expr1.fsize.np64/20260520_185305,True,tsc_asym,10000,10.0,4096,none,copy,/astrum/home/hpchzy/code/data/20260520/cgnr6760pn2/outputAssessing/assess.expr1.fsize.np64/20260520_185305/tsc_asym/interval10000_fkerncopy_rkernnone_fsize4096_rsize0/tsc_asym_walks/w0001_ta10114;/astrum/home/hpchzy/code/data/20260520/cgnr6760pn2/outputAssessing/assess.expr1.fsize.np64/20260520_185305/tsc_asym/interval10000_fkerncopy_rkernnone_fsize4096_rsize0/tsc_asym_walks/w0000_ta9835;/astrum/home/hpchzy/code/data/20260520/cgnr6760pn2/outputAssessing/assess.expr1.fsize.np64/20260520_185305/tsc_asym/interval10000_fkerncopy_rkernnone_fsize4096_rsize0/tsc_asym_walks/w0002_ta10093,300,300,342.02,27.154343176316964,265.4353542374669,0.034154184142200915,10014.0,10356.02
cgnr6760pn2,assess.expr1.fsize.np64,20260520_185305,/astrum/home/hpchzy/code/data/20260520/cgnr6760pn2/outputAssessing/assess.expr1.fsize.np64/20260520_185305,True,tsc_asym,10000,10.0,8192,none,copy,/astrum/home/hpchzy/code/data/20260520/cgnr6760pn2/outputAssessing/assess.expr1.fsize.np64/20260520_185305/tsc_asym/interval10000_fkerncopy_rkernnone_fsize8192_rsize0/tsc_asym_walks/w0001_ta10114;/astrum/home/hpchzy/code/data/20260520/cgnr6760pn2/outputAssessing/assess.expr1.fsize.np64/20260520_185305/tsc_asym/interval10000_fkerncopy_rkernnone_fsize8192_rsize0/tsc_asym_walks/w0002_ta10093;/astrum/home/hpchzy/code/data/20260520/cgnr6760pn2/outputAssessing/assess.expr1.fsize.np64/20260520_185305/tsc_asym/interval10000_fkerncopy_rkernnone_fsize8192_rsize0/tsc_asym_walks/w0000_ta9835,300,300,373.73333333333335,24.737468939253095,388.7131462720977,0.037321083815990946,10014.0,10387.733333333334
